Date,Region,Category,Inventory Level,Units Sold,Units Ordered,Demand Forecast,Price,Discount,Weather Condition,Holiday/Promotion,Competitor Pricing,Seasonality
2022-01-01,East,Clothing,346,190,261,227,1946.58,0.0746,Sunny,1,1816.42,Spring
2022-01-01,East,Electronics,428,191,249,217,9304.25,0.1938,Sunny,1,10344.82,Spring
2022-01-01,East,Groceries,186,282,368,320,236.2,0.0403,Sunny,1,211.32,Spring
2022-01-01,East,Furniture,374,171,252,220,9485.57,0.2039,Sunny,1,9417.81,Spring
2022-01-01,North,Clothing,319,207,293,255,2141.99,0.1912,Sunny,1,2262.52,Spring
2022-01-01,North,Electronics,299,252,277,241,13511.17,0.0402,Sunny,1,11925.65,Spring
2022-01-01,North,Groceries,287,198,301,262,309.45,0.1024,Sunny,1,302.75,Spring
2022-01-01,North,Furniture,310,196,257,224,9922.35,0.2406,Sunny,1,10781.37,Spring
2022-01-01,South,Clothing,307,170,249,217,1411.04,0.335,Sunny,1,1558.54,Spring
2022-01-01,South,Electronics,359,264,323,281,14561.8,0.1811,Sunny,1,12935.83,Spring
2022-01-01,South,Groceries,257,295,349,304,446.01,0.1326,Sunny,1,436.43,Spring
2022-01-01,South,Furniture,253,118,138,120,6491.16,0.1229,Sunny,1,6741.42,Spring
2022-01-01,West,Clothing,300,213,247,215,885.52,0.2846,Sunny,1,782.28,Spring
2022-01-01,West,Electronics,322,159,227,198,10690.52,0.1356,Sunny,1,10022.39,Spring
2022-01-01,West,Groceries,197,238,296,258,88.57,0.0655,Sunny,1,88.54,Spring
2022-01-01,West,Furniture,165,228,286,249,12455.95,0.1177,Sunny,1,11590.63,Spring
2022-02-01,East,Clothing,390,239,340,296,1131.19,0.1476,Sunny,0,1042.88,Spring
2022-02-01,East,Electronics,344,295,372,324,9763.12,0.0704,Sunny,0,9355.01,Spring
2022-02-01,East,Groceries,259,229,342,298,615.98,0.0657,Sunny,0,665.41,Spring
2022-02-01,East,Furniture,471,196,269,234,11586.19,0.2067,Sunny,0,12252.19,Spring
2022-02-01,North,Clothing,188,167,255,222,2310.08,0.3464,Sunny,0,2455.0,Spring
2022-02-01,North,Electronics,254,157,225,196,4982.06,0.1997,Sunny,0,5474.11,Spring
2022-02-01,North,Groceries,250,280,312,272,120.97,0.0756,Sunny,0,107.98,Spring
2022-02-01,North,Furniture,334,98,135,118,3983.97,0.1893,Sunny,0,3977.83,Spring
2022-02-01,South,Clothing,374,180,247,215,562.39,0.1682,Sunny,0,580.81,Spring
2022-02-01,South,Electronics,433,224,290,253,12962.74,0.1084,Sunny,0,11503.95,Spring
2022-02-01,South,Groceries,246,242,326,284,93.91,0.0965,Sunny,0,93.95,Spring
2022-02-01,South,Furniture,338,198,267,233,7490.23,0.1196,Sunny,0,8322.11,Spring
2022-02-01,West,Clothing,153,208,234,204,2663.45,0.0503,Sunny,0,2714.37,Spring
2022-02-01,West,Electronics,149,241,278,242,17891.35,0.0358,Sunny,0,17461.24,Spring
2022-02-01,West,Groceries,321,210,286,249,260.64,0.047,Sunny,0,266.51,Spring
2022-02-01,West,Furniture,303,178,216,188,10997.79,0.2026,Sunny,0,11681.69,Spring
2022-03-01,East,Clothing,356,201,300,261,635.5,0.2797,Sunny,0,596.54,Spring
2022-03-01,East,Electronics,299,163,244,213,19045.33,0.0678,Sunny,0,19656.61,Spring
2022-03-01,East,Groceries,361,279,359,313,521.16,0.1376,Sunny,0,486.84,Spring
2022-03-01,East,Furniture,224,219,299,260,6459.43,0.2169,Sunny,0,6159.6,Spring
2022-03-01,North,Clothing,226,185,226,197,791.42,0.2674,Sunny,0,703.84,Spring
2022-03-01,North,Electronics,231,168,195,170,19999.11,0.1105,Sunny,0,22339.82,Spring
2022-03-01,North,Groceries,234,297,353,307,122.17,0.129,Sunny,0,111.69,Spring
2022-03-01,North,Furniture,340,191,292,254,12739.87,0.2221,Sunny,0,13572.0,Spring
2022-03-01,South,Clothing,367,319,368,320,860.43,0.0705,Sunny,0,915.39,Spring
2022-03-01,South,Electronics,332,168,218,190,19611.15,0.1155,Sunny,0,18857.26,Spring
2022-03-01,South,Groceries,367,223,285,248,614.96,0.1306,Sunny,0,676.49,Spring
2022-03-01,South,Furniture,408,290,333,290,10356.53,0.1376,Sunny,0,9400.65,Spring
2022-03-01,West,Clothing,260,239,290,253,940.18,0.1712,Sunny,0,1044.95,Spring
2022-03-01,West,Electronics,173,194,228,199,9367.77,0.0627,Sunny,0,8282.91,Spring
2022-03-01,West,Groceries,205,205,307,267,180.12,0.0951,Sunny,0,167.97,Spring
2022-03-01,West,Furniture,251,210,251,219,6762.82,0.2266,Sunny,0,6260.89,Spring
2022-04-01,East,Clothing,381,295,397,346,1362.07,0.2674,Sunny,0,1204.68,Summer
2022-04-01,East,Electronics,453,197,242,211,10739.75,0.0906,Sunny,0,11979.14,Summer
2022-04-01,East,Groceries,401,242,315,274,171.24,0.055,Sunny,0,180.82,Summer
2022-04-01,East,Furniture,387,294,377,328,3193.25,0.1759,Sunny,0,3459.63,Summer
2022-04-01,North,Clothing,331,185,274,239,754.9,0.2526,Sunny,0,813.38,Summer
2022-04-01,North,Electronics,263,302,355,309,13620.81,0.0753,Sunny,0,12937.15,Summer
2022-04-01,North,Groceries,223,185,229,200,580.25,0.0973,Sunny,0,521.71,Summer
2022-04-01,North,Furniture,291,276,402,350,9632.15,0.2116,Sunny,0,9239.08,Summer
2022-04-01,South,Clothing,365,314,354,308,2455.72,0.1497,Sunny,0,2412.24,Summer
2022-04-01,South,Electronics,282,301,399,347,15637.49,0.1589,Sunny,0,15327.77,Summer
2022-04-01,South,Groceries,238,305,372,324,279.83,0.076,Sunny,0,281.34,Summer
2022-04-01,South,Furniture,257,272,341,297,9971.13,0.0785,Sunny,0,10117.01,Summer
2022-04-01,West,Clothing,328,155,216,188,1143.33,0.255,Sunny,0,1261.71,Summer
2022-04-01,West,Electronics,179,242,279,243,10109.67,0.0563,Sunny,0,10910.25,Summer
2022-04-01,West,Groceries,257,239,299,260,373.14,0.1219,Sunny,0,416.84,Summer
2022-04-01,West,Furniture,201,241,273,238,6606.16,0.1584,Sunny,0,5925.99,Summer
2022-05-01,East,Clothing,307,386,426,371,2577.39,0.2568,Rainy,0,2715.28,Summer
2022-05-01,East,Electronics,442,250,368,320,9126.96,0.1132,Rainy,0,10145.84,Summer
2022-05-01,East,Groceries,281,327,371,323,798.23,0.0868,Rainy,0,764.5,Summer
2022-05-01,East,Furniture,256,334,410,357,17768.93,0.1506,Rainy,0,17719.64,Summer
2022-05-01,North,Clothing,276,223,259,226,916.08,0.2912,Rainy,0,889.29,Summer
2022-05-01,North,Electronics,198,281,335,292,15698.73,0.1667,Rainy,0,15726.0,Summer
2022-05-01,North,Groceries,247,198,281,245,261.76,0.1453,Rainy,0,266.57,Summer
2022-05-01,North,Furniture,236,334,420,366,5976.57,0.1791,Rainy,0,5765.49,Summer
2022-05-01,South,Clothing,367,330,427,372,1516.38,0.0719,Rainy,0,1371.53,Summer
2022-05-01,South,Electronics,362,213,266,232,3582.64,0.1771,Rainy,0,3257.42,Summer
2022-05-01,South,Groceries,307,280,394,343,413.96,0.0882,Rainy,0,439.9,Summer
2022-05-01,South,Furniture,296,210,308,268,7482.31,0.1175,Rainy,0,7186.96,Summer
2022-05-01,West,Clothing,376,244,282,246,1822.76,0.3164,Rainy,0,1686.34,Summer
2022-05-01,West,Electronics,275,203,296,258,9467.18,0.1837,Rainy,0,8414.68,Summer
2022-05-01,West,Groceries,348,227,346,301,300.01,0.0852,Rainy,0,299.68,Summer
2022-05-01,West,Furniture,412,272,310,270,10626.38,0.117,Rainy,0,9974.08,Summer
2022-06-01,East,Clothing,288,444,523,455,1233.1,0.2935,Windy,0,1227.05,Summer
2022-06-01,East,Electronics,308,227,332,289,15552.82,0.1869,Windy,0,14648.23,Summer
2022-06-01,East,Groceries,341,374,417,363,586.38,0.1027,Windy,0,641.44,Summer
2022-06-01,East,Furniture,317,256,362,315,15850.17,0.1224,Windy,0,16987.44,Summer
2022-06-01,North,Clothing,367,335,387,337,1400.56,0.138,Windy,0,1467.64,Summer
2022-06-01,North,Electronics,187,302,393,342,11142.46,0.1089,Windy,0,10546.24,Summer
2022-06-01,North,Groceries,311,260,395,344,135.87,0.1109,Windy,0,124.3,Summer
2022-06-01,North,Furniture,346,297,342,298,14825.61,0.0745,Windy,0,16021.09,Summer
2022-06-01,South,Clothing,244,320,405,353,2455.03,0.1649,Windy,0,2174.67,Summer
2022-06-01,South,Electronics,290,344,382,333,7388.99,0.1152,Windy,0,7178.43,Summer
2022-06-01,South,Groceries,358,410,474,413,119.14,0.0793,Windy,0,109.67,Summer
2022-06-01,South,Furniture,380,155,234,204,16839.12,0.0932,Windy,0,18511.44,Summer
2022-06-01,West,Clothing,182,261,296,258,2594.4,0.0585,Windy,0,2331.04,Summer
2022-06-01,West,Electronics,307,154,206,180,5936.08,0.1284,Windy,0,5388.79,Summer
2022-06-01,West,Groceries,262,264,311,271,283.2,0.0354,Windy,0,304.47,Summer
2022-06-01,West,Furniture,178,217,247,215,14270.92,0.1071,Windy,0,13151.69,Summer
2022-07-01,East,Clothing,288,431,573,499,1743.03,0.1498,Windy,0,1810.43,Autumn
2022-07-01,East,Electronics,207,313,395,344,7457.07,0.0327,Windy,0,6914.45,Autumn
2022-07-01,East,Groceries,293,373,473,412,273.48,0.0375,Windy,0,283.46,Autumn
2022-07-01,East,Furniture,344,223,340,296,14584.3,0.062,Windy,0,15497.14,Autumn
2022-07-01,North,Clothing,319,345,455,396,1111.26,0.199,Windy,0,1012.57,Autumn
2022-07-01,North,Electronics,280,304,349,304,17455.52,0.1794,Windy,0,16510.62,Autumn
2022-07-01,North,Groceries,305,365,401,349,633.37,0.0604,Windy,0,647.31,Autumn
2022-07-01,North,Furniture,248,243,302,263,2922.03,0.2009,Windy,0,2872.47,Autumn
2022-07-01,South,Clothing,335,370,427,372,2579.6,0.0723,Windy,0,2590.3,Autumn
2022-07-01,South,Electronics,316,365,412,359,10944.66,0.1501,Windy,0,11370.65,Autumn
2022-07-01,South,Groceries,298,284,433,377,654.92,0.0397,Windy,0,727.93,Autumn
2022-07-01,South,Furniture,377,225,318,277,3016.34,0.1268,Windy,0,2770.28,Autumn
2022-07-01,West,Clothing,245,347,422,367,744.52,0.2718,Windy,0,785.99,Autumn
2022-07-01,West,Electronics,364,201,250,218,18202.23,0.1546,Windy,0,18945.76,Autumn
2022-07-01,West,Groceries,208,285,333,290,128.91,0.1496,Windy,0,134.26,Autumn
2022-07-01,West,Furniture,299,170,216,188,13183.98,0.1656,Windy,0,14436.53,Autumn
2022-08-01,East,Clothing,408,270,353,307,2628.62,0.2769,Cloudy,1,2502.56,Autumn
2022-08-01,East,Electronics,321,292,364,317,6840.31,0.1615,Cloudy,1,6582.35,Autumn
2022-08-01,East,Groceries,307,301,349,304,502.38,0.0445,Cloudy,1,551.75,Autumn
2022-08-01,East,Furniture,359,282,328,286,6285.42,0.0898,Cloudy,1,6854.85,Autumn
2022-08-01,North,Clothing,299,265,368,320,2420.77,0.3031,Cloudy,1,2498.64,Autumn
2022-08-01,North,Electronics,265,200,267,233,10711.37,0.1195,Cloudy,1,10522.26,Autumn
2022-08-01,North,Groceries,321,254,340,296,778.32,0.1416,Cloudy,1,857.66,Autumn
2022-08-01,North,Furniture,244,245,307,267,17010.68,0.1315,Cloudy,1,18195.62,Autumn
2022-08-01,South,Clothing,325,319,411,358,1893.13,0.2622,Cloudy,1,2042.13,Autumn
2022-08-01,South,Electronics,292,283,339,295,13756.18,0.1535,Cloudy,1,14699.14,Autumn
2022-08-01,South,Groceries,274,323,453,394,421.4,0.0243,Cloudy,1,418.15,Autumn
2022-08-01,South,Furniture,435,246,318,277,4274.21,0.0512,Cloudy,1,4479.36,Autumn
2022-08-01,West,Clothing,231,188,281,245,1835.36,0.1832,Cloudy,1,1769.31,Autumn
2022-08-01,West,Electronics,334,279,323,281,11181.6,0.1253,Cloudy,1,11129.59,Autumn
2022-08-01,West,Groceries,251,339,376,327,459.26,0.0723,Cloudy,1,414.72,Autumn
2022-08-01,West,Furniture,212,246,279,243,9075.29,0.1944,Cloudy,1,9851.93,Autumn
2022-09-01,East,Clothing,262,310,368,320,643.68,0.1229,Sunny,0,654.05,Autumn
2022-09-01,East,Electronics,381,313,407,354,6017.79,0.1553,Sunny,0,5443.55,Autumn
2022-09-01,East,Groceries,294,289,334,291,507.4,0.1166,Sunny,0,509.59,Autumn
2022-09-01,East,Furniture,279,425,509,443,8498.09,0.1536,Sunny,0,9052.16,Autumn
2022-09-01,North,Clothing,267,194,278,242,1104.38,0.161,Sunny,0,1171.01,Autumn
2022-09-01,North,Electronics,257,180,274,239,5277.68,0.1463,Sunny,0,4842.43,Autumn
2022-09-01,North,Groceries,280,230,347,302,143.33,0.0668,Sunny,0,150.38,Autumn
2022-09-01,North,Furniture,397,288,363,316,11912.87,0.2086,Sunny,0,13051.12,Autumn
2022-09-01,South,Clothing,378,246,280,244,1498.64,0.2538,Sunny,0,1407.31,Autumn
2022-09-01,South,Electronics,348,266,319,278,10645.69,0.0348,Sunny,0,10393.61,Autumn
2022-09-01,South,Groceries,342,292,386,336,188.98,0.0945,Sunny,0,170.99,Autumn
2022-09-01,South,Furniture,368,265,401,349,14106.84,0.0538,Sunny,0,13808.19,Autumn
2022-09-01,West,Clothing,271,281,311,271,2068.64,0.0593,Sunny,0,2021.91,Autumn
2022-09-01,West,Electronics,243,250,302,263,4086.21,0.1817,Sunny,0,4126.39,Autumn
2022-09-01,West,Groceries,252,236,300,261,156.69,0.1376,Sunny,0,142.67,Autumn
2022-09-01,West,Furniture,220,314,357,311,17422.39,0.095,Sunny,0,18765.2,Autumn
2022-10-01,East,Clothing,391,240,287,250,2505.5,0.1487,Sunny,1,2755.41,Winter
2022-10-01,East,Electronics,419,274,416,362,8196.47,0.1435,Sunny,1,8216.42,Winter
2022-10-01,East,Groceries,387,280,310,270,261.87,0.0239,Sunny,1,290.63,Winter
2022-10-01,East,Furniture,416,293,357,311,14570.99,0.0894,Sunny,1,13552.8,Winter
2022-10-01,North,Clothing,218,242,265,231,592.13,0.2692,Sunny,1,607.82,Winter
2022-10-01,North,Electronics,289,328,370,322,4768.99,0.1189,Sunny,1,4930.28,Winter
2022-10-01,North,Groceries,201,254,387,337,370.58,0.0494,Sunny,1,362.08,Winter
2022-10-01,North,Furniture,228,233,353,307,5715.52,0.0879,Sunny,1,5201.65,Winter
2022-10-01,South,Clothing,224,255,380,331,1752.89,0.3417,Sunny,1,1810.51,Winter
2022-10-01,South,Electronics,429,287,348,303,11476.16,0.1531,Sunny,1,12634.25,Winter
2022-10-01,South,Groceries,348,228,307,267,103.31,0.092,Sunny,1,105.45,Winter
2022-10-01,South,Furniture,358,248,346,301,3201.61,0.1381,Sunny,1,2870.95,Winter
2022-10-01,West,Clothing,192,282,322,280,2208.68,0.2722,Sunny,1,2115.74,Winter
2022-10-01,West,Electronics,378,178,261,227,19179.12,0.0895,Sunny,1,17106.81,Winter
2022-10-01,West,Groceries,280,234,258,225,288.28,0.0769,Sunny,1,312.48,Winter
2022-10-01,West,Furniture,341,283,334,291,16900.62,0.1191,Sunny,1,15831.71,Winter
2022-11-01,East,Clothing,237,330,447,389,1187.42,0.0963,Cloudy,1,1279.59,Winter
2022-11-01,East,Electronics,243,430,500,435,13342.67,0.0652,Cloudy,1,13594.68,Winter
2022-11-01,East,Groceries,280,311,436,380,247.17,0.1286,Cloudy,1,269.64,Winter
2022-11-01,East,Furniture,258,232,328,286,11884.25,0.2049,Cloudy,1,11747.87,Winter
2022-11-01,North,Clothing,330,324,389,339,2608.26,0.271,Cloudy,1,2782.74,Winter
2022-11-01,North,Electronics,375,310,420,366,4127.09,0.0666,Cloudy,1,4427.47,Winter
2022-11-01,North,Groceries,329,306,340,296,683.75,0.0724,Cloudy,1,697.49,Winter
2022-11-01,North,Furniture,252,189,246,214,12286.11,0.0503,Cloudy,1,11923.11,Winter
2022-11-01,South,Clothing,296,370,425,370,702.34,0.2344,Cloudy,1,676.65,Winter
2022-11-01,South,Electronics,318,329,413,360,9933.6,0.1676,Cloudy,1,9965.53,Winter
2022-11-01,South,Groceries,380,381,426,371,514.77,0.127,Cloudy,1,507.03,Winter
2022-11-01,South,Furniture,310,234,325,283,3285.28,0.0878,Cloudy,1,3605.48,Winter
2022-11-01,West,Clothing,314,301,431,375,2536.02,0.2008,Cloudy,1,2821.76,Winter
2022-11-01,West,Electronics,204,392,447,389,7618.76,0.1187,Cloudy,1,7840.63,Winter
2022-11-01,West,Groceries,262,234,317,276,83.58,0.0915,Cloudy,1,87.15,Winter
2022-11-01,West,Furniture,169,155,201,175,3957.16,0.1258,Cloudy,1,3801.51,Winter
2022-12-01,East,Clothing,426,382,519,452,1307.97,0.1027,Cloudy,1,1223.09,Winter
2022-12-01,East,Electronics,346,565,631,549,12438.51,0.0367,Cloudy,1,13221.49,Winter
2022-12-01,East,Groceries,369,289,430,374,176.05,0.0864,Cloudy,1,192.1,Winter
2022-12-01,East,Furniture,374,311,373,325,5785.47,0.0516,Cloudy,1,5611.56,Winter
2022-12-01,North,Clothing,262,306,374,326,2606.53,0.3471,Cloudy,1,2481.08,Winter
2022-12-01,North,Electronics,320,290,417,363,16276.25,0.0416,Cloudy,1,16067.17,Winter
2022-12-01,North,Groceries,290,406,450,392,490.27,0.1289,Cloudy,1,451.16,Winter
2022-12-01,North,Furniture,335,197,279,243,12381.88,0.1793,Cloudy,1,13704.17,Winter
2022-12-01,South,Clothing,246,485,566,493,2669.21,0.2294,Cloudy,1,2485.93,Winter
2022-12-01,South,Electronics,312,415,470,409,18959.81,0.1362,Cloudy,1,18523.87,Winter
2022-12-01,South,Groceries,248,386,526,458,390.26,0.0467,Cloudy,1,432.82,Winter
2022-12-01,South,Furniture,423,190,257,224,9950.46,0.2278,Cloudy,1,11118.67,Winter
2022-12-01,West,Clothing,229,347,396,345,577.05,0.3139,Cloudy,1,621.39,Winter
2022-12-01,West,Electronics,234,320,361,314,3025.47,0.1083,Cloudy,1,2952.42,Winter
2022-12-01,West,Groceries,302,317,385,335,276.27,0.1111,Cloudy,1,281.46,Winter
2022-12-01,West,Furniture,266,153,217,189,15846.88,0.1886,Cloudy,1,15500.07,Winter
2023-01-01,East,Clothing,321,238,289,252,2581.99,0.0701,Cloudy,1,2808.0,Spring
2023-01-01,East,Electronics,418,247,327,285,12756.51,0.1144,Cloudy,1,14149.61,Spring
2023-01-01,East,Groceries,296,250,349,304,423.64,0.0761,Cloudy,1,452.44,Spring
2023-01-01,East,Furniture,257,180,236,206,10419.88,0.2123,Cloudy,1,9539.88,Spring
2023-01-01,North,Clothing,263,212,255,222,2560.46,0.3093,Cloudy,1,2786.9,Spring
2023-01-01,North,Electronics,290,187,285,248,7527.47,0.1068,Cloudy,1,7620.49,Spring
2023-01-01,North,Groceries,249,210,308,268,570.95,0.1449,Cloudy,1,576.58,Spring
2023-01-01,North,Furniture,301,150,231,201,8539.52,0.1974,Cloudy,1,8714.72,Spring
2023-01-01,South,Clothing,284,152,192,167,1691.01,0.1412,Cloudy,1,1746.86,Spring
2023-01-01,South,Electronics,215,191,280,244,13293.46,0.0505,Cloudy,1,13885.2,Spring
2023-01-01,South,Groceries,342,234,358,312,362.53,0.0432,Cloudy,1,353.89,Spring
2023-01-01,South,Furniture,242,242,270,235,13563.52,0.1902,Cloudy,1,13714.9,Spring
2023-01-01,West,Clothing,293,212,270,235,1772.41,0.2169,Cloudy,1,1747.88,Spring
2023-01-01,West,Electronics,206,198,302,263,6235.4,0.1021,Cloudy,1,5581.46,Spring
2023-01-01,West,Groceries,271,160,223,194,350.42,0.0595,Cloudy,1,390.74,Spring
2023-01-01,West,Furniture,201,121,151,132,4826.05,0.081,Cloudy,1,4960.75,Spring
2023-02-01,East,Clothing,288,138,173,151,1550.7,0.2874,Cloudy,0,1575.83,Spring
2023-02-01,East,Electronics,363,242,271,236,16084.46,0.1949,Cloudy,0,17517.16,Spring
2023-02-01,East,Groceries,398,276,371,323,642.65,0.0973,Cloudy,0,632.18,Spring
2023-02-01,East,Furniture,360,185,211,184,9712.76,0.0904,Cloudy,0,9041.79,Spring
2023-02-01,North,Clothing,256,257,333,290,1406.03,0.0672,Cloudy,0,1382.68,Spring
2023-02-01,North,Electronics,301,199,302,263,9781.18,0.1078,Cloudy,0,8644.33,Spring
2023-02-01,North,Groceries,250,316,402,350,684.81,0.062,Cloudy,0,698.25,Spring
2023-02-01,North,Furniture,287,184,226,197,12432.98,0.1098,Cloudy,0,13676.16,Spring
2023-02-01,South,Clothing,335,273,331,288,2090.84,0.1418,Cloudy,0,1996.0,Spring
2023-02-01,South,Electronics,213,186,277,241,6892.06,0.0726,Cloudy,0,6839.49,Spring
2023-02-01,South,Groceries,334,221,243,212,274.71,0.0669,Cloudy,0,261.33,Spring
2023-02-01,South,Furniture,339,246,278,242,16819.41,0.1429,Cloudy,0,16180.45,Spring
2023-02-01,West,Clothing,289,157,220,192,2329.56,0.1473,Cloudy,0,2598.24,Spring
2023-02-01,West,Electronics,279,170,225,196,8861.93,0.0986,Cloudy,0,9000.63,Spring
2023-02-01,West,Groceries,360,162,196,171,691.57,0.1356,Cloudy,0,616.8,Spring
2023-02-01,West,Furniture,246,195,266,232,7146.79,0.2099,Cloudy,0,7001.24,Spring
2023-03-01,East,Clothing,388,289,317,276,1442.24,0.0844,Cloudy,0,1451.01,Spring
2023-03-01,East,Electronics,249,184,217,189,13378.5,0.08,Cloudy,0,14293.89,Spring
2023-03-01,East,Groceries,362,241,272,237,564.35,0.1067,Cloudy,0,602.86,Spring
2023-03-01,East,Furniture,332,238,304,265,4454.8,0.1595,Cloudy,0,4625.37,Spring
2023-03-01,North,Clothing,272,147,184,160,889.43,0.0796,Cloudy,0,861.54,Spring
2023-03-01,North,Electronics,306,172,210,183,18123.64,0.0422,Cloudy,0,19893.51,Spring
2023-03-01,North,Groceries,298,297,394,343,560.23,0.0837,Cloudy,0,524.42,Spring
2023-03-01,North,Furniture,318,205,240,209,10384.63,0.1447,Cloudy,0,9824.29,Spring
2023-03-01,South,Clothing,351,243,355,309,1550.34,0.1655,Cloudy,0,1578.52,Spring
2023-03-01,South,Electronics,368,112,163,142,13698.78,0.1621,Cloudy,0,15131.56,Spring
2023-03-01,South,Groceries,337,309,385,335,790.18,0.1274,Cloudy,0,794.36,Spring
2023-03-01,South,Furniture,463,254,333,290,12787.94,0.1946,Cloudy,0,12987.81,Spring
2023-03-01,West,Clothing,240,188,235,205,710.31,0.1466,Cloudy,0,673.99,Spring
2023-03-01,West,Electronics,302,158,218,190,5800.39,0.1733,Cloudy,0,5346.5,Spring
2023-03-01,West,Groceries,316,244,368,320,783.47,0.0406,Cloudy,0,740.75,Spring
2023-03-01,West,Furniture,281,168,209,182,3712.58,0.2211,Cloudy,0,3485.1,Spring
2023-04-01,East,Clothing,319,304,362,315,1631.35,0.1704,Windy,0,1532.43,Summer
2023-04-01,East,Electronics,326,320,365,318,12543.93,0.0483,Windy,0,13843.84,Summer
2023-04-01,East,Groceries,353,222,296,258,237.26,0.0926,Windy,0,243.13,Summer
2023-04-01,East,Furniture,303,298,428,373,14062.61,0.2266,Windy,0,12883.58,Summer
2023-04-01,North,Clothing,306,217,289,252,1491.18,0.1257,Windy,0,1629.93,Summer
2023-04-01,North,Electronics,286,229,323,281,16479.42,0.1518,Windy,0,15348.27,Summer
2023-04-01,North,Groceries,193,218,317,276,580.86,0.0526,Windy,0,527.66,Summer
2023-04-01,North,Furniture,320,199,300,261,14253.31,0.2004,Windy,0,12914.78,Summer
2023-04-01,South,Clothing,214,250,309,269,2144.4,0.065,Windy,0,2132.21,Summer
2023-04-01,South,Electronics,264,235,264,230,14455.47,0.0457,Windy,0,14235.57,Summer
2023-04-01,South,Groceries,315,223,340,296,682.85,0.0424,Windy,0,701.37,Summer
2023-04-01,South,Furniture,284,256,347,302,14276.93,0.0943,Windy,0,12977.75,Summer
2023-04-01,West,Clothing,367,204,228,199,1748.77,0.3391,Windy,0,1826.39,Summer
2023-04-01,West,Electronics,361,186,282,246,20105.87,0.031,Windy,0,18095.96,Summer
2023-04-01,West,Groceries,273,207,305,266,344.29,0.0871,Windy,0,348.03,Summer
2023-04-01,West,Furniture,342,270,315,274,15823.7,0.1954,Windy,0,16970.4,Summer
2023-05-01,East,Clothing,193,324,445,387,1650.33,0.2691,Cloudy,0,1596.21,Summer
2023-05-01,East,Electronics,351,308,420,366,7834.53,0.074,Cloudy,0,8727.08,Summer
2023-05-01,East,Groceries,297,275,371,323,502.34,0.1267,Cloudy,0,515.97,Summer
2023-05-01,East,Furniture,348,275,399,347,14248.39,0.0913,Cloudy,0,14638.62,Summer
2023-05-01,North,Clothing,247,245,294,256,540.26,0.1669,Cloudy,0,477.8,Summer
2023-05-01,North,Electronics,271,268,386,336,15377.54,0.1961,Cloudy,0,15455.4,Summer
2023-05-01,North,Groceries,204,339,451,393,220.02,0.0558,Cloudy,0,233.22,Summer
2023-05-01,North,Furniture,303,286,335,292,9334.73,0.1988,Cloudy,0,9275.02,Summer
2023-05-01,South,Clothing,265,271,319,278,2475.79,0.1919,Cloudy,0,2243.33,Summer
2023-05-01,South,Electronics,313,243,348,303,10018.23,0.1993,Cloudy,0,10035.64,Summer
2023-05-01,South,Groceries,360,267,377,328,224.23,0.0998,Cloudy,0,219.61,Summer
2023-05-01,South,Furniture,263,329,384,334,18583.88,0.0798,Cloudy,0,17772.91,Summer
2023-05-01,West,Clothing,183,249,327,285,2585.03,0.2376,Cloudy,0,2323.25,Summer
2023-05-01,West,Electronics,294,238,302,263,15323.61,0.1079,Cloudy,0,17014.3,Summer
2023-05-01,West,Groceries,265,275,305,266,779.25,0.0906,Cloudy,0,832.79,Summer
2023-05-01,West,Furniture,248,241,292,254,11074.53,0.2105,Cloudy,0,11053.05,Summer
2023-06-01,East,Clothing,421,316,385,335,1761.77,0.0852,Sunny,0,1673.59,Summer
2023-06-01,East,Electronics,254,215,323,281,12469.08,0.1023,Sunny,0,13452.46,Summer
2023-06-01,East,Groceries,241,386,434,378,775.17,0.092,Sunny,0,780.19,Summer
2023-06-01,East,Furniture,308,341,396,345,7143.94,0.2233,Sunny,0,7146.65,Summer
2023-06-01,North,Clothing,382,285,357,311,2162.33,0.08,Sunny,0,1975.94,Summer
2023-06-01,North,Electronics,186,241,274,239,11663.68,0.1023,Sunny,0,11454.67,Summer
2023-06-01,North,Groceries,269,220,319,278,323.75,0.1319,Sunny,0,300.17,Summer
2023-06-01,North,Furniture,331,270,327,285,16963.17,0.1664,Sunny,0,18147.15,Summer
2023-06-01,South,Clothing,291,230,322,280,1171.59,0.2794,Sunny,0,1144.11,Summer
2023-06-01,South,Electronics,342,317,386,336,12485.49,0.1458,Sunny,0,13809.84,Summer
2023-06-01,South,Groceries,292,272,415,361,258.93,0.0721,Sunny,0,265.97,Summer
2023-06-01,South,Furniture,303,239,301,262,11520.37,0.2082,Sunny,0,12575.11,Summer
2023-06-01,West,Clothing,287,259,328,286,1332.09,0.0695,Sunny,0,1371.0,Summer
2023-06-01,West,Electronics,301,214,315,274,17306.8,0.0651,Sunny,0,18061.41,Summer
2023-06-01,West,Groceries,248,255,387,337,494.04,0.0984,Sunny,0,457.2,Summer
2023-06-01,West,Furniture,341,215,256,223,9546.84,0.074,Sunny,0,8677.46,Summer
2023-07-01,East,Clothing,345,470,572,498,2649.33,0.1042,Rainy,0,2363.08,Autumn
2023-07-01,East,Electronics,349,306,341,297,13133.25,0.1802,Rainy,0,14617.85,Autumn
2023-07-01,East,Groceries,357,254,381,332,598.46,0.1022,Rainy,0,549.74,Autumn
2023-07-01,East,Furniture,317,269,308,268,5119.92,0.1387,Rainy,0,4585.74,Autumn
2023-07-01,North,Clothing,360,314,368,320,2483.51,0.1432,Rainy,0,2255.92,Autumn
2023-07-01,North,Electronics,445,238,343,299,4831.04,0.1889,Rainy,0,5318.65,Autumn
2023-07-01,North,Groceries,313,235,335,292,523.45,0.1256,Rainy,0,559.84,Autumn
2023-07-01,North,Furniture,315,219,259,226,15662.65,0.2489,Rainy,0,16104.78,Autumn
2023-07-01,South,Clothing,338,357,419,365,1435.82,0.1464,Rainy,0,1275.98,Autumn
2023-07-01,South,Electronics,290,244,299,260,17572.65,0.1252,Rainy,0,18612.35,Autumn
2023-07-01,South,Groceries,304,277,334,291,263.86,0.0346,Rainy,0,288.21,Autumn
2023-07-01,South,Furniture,397,191,225,196,7197.94,0.1021,Rainy,0,6892.6,Autumn
2023-07-01,West,Clothing,197,306,338,294,1525.11,0.213,Rainy,0,1542.4,Autumn
2023-07-01,West,Electronics,213,202,293,255,19394.61,0.1719,Rainy,0,17881.09,Autumn
2023-07-01,West,Groceries,356,252,366,319,744.62,0.0628,Rainy,0,756.24,Autumn
2023-07-01,West,Furniture,253,166,218,190,8590.08,0.1655,Rainy,0,8066.62,Autumn
2023-08-01,East,Clothing,338,253,376,327,2645.29,0.2819,Cloudy,1,2475.84,Autumn
2023-08-01,East,Electronics,312,219,243,212,7691.19,0.18,Cloudy,1,7745.79,Autumn
2023-08-01,East,Groceries,262,262,365,318,784.98,0.1101,Cloudy,1,741.72,Autumn
2023-08-01,East,Furniture,284,286,330,287,16261.29,0.1094,Cloudy,1,17754.65,Autumn
2023-08-01,North,Clothing,268,232,323,281,2177.45,0.1323,Cloudy,1,2227.85,Autumn
2023-08-01,North,Electronics,229,210,316,275,16544.41,0.1962,Cloudy,1,15410.95,Autumn
2023-08-01,North,Groceries,245,198,248,216,673.43,0.0687,Cloudy,1,716.45,Autumn
2023-08-01,North,Furniture,363,206,293,255,10125.22,0.1634,Cloudy,1,10681.0,Autumn
2023-08-01,South,Clothing,178,375,422,367,2554.08,0.2577,Cloudy,1,2337.58,Autumn
2023-08-01,South,Electronics,292,303,339,295,5907.64,0.097,Cloudy,1,6427.68,Autumn
2023-08-01,South,Groceries,247,350,418,364,493.22,0.0542,Cloudy,1,437.25,Autumn
2023-08-01,South,Furniture,336,310,400,348,15485.1,0.1423,Cloudy,1,14503.35,Autumn
2023-08-01,West,Clothing,358,216,312,272,2044.84,0.2032,Cloudy,1,2064.08,Autumn
2023-08-01,West,Electronics,404,183,239,208,19627.18,0.0811,Cloudy,1,21117.89,Autumn
2023-08-01,West,Groceries,225,158,217,189,270.1,0.1114,Cloudy,1,279.36,Autumn
2023-08-01,West,Furniture,277,284,319,278,11182.69,0.1574,Cloudy,1,11999.33,Autumn
2023-09-01,East,Clothing,281,278,324,282,1966.36,0.2678,Rainy,0,2123.71,Autumn
2023-09-01,East,Electronics,385,199,284,247,14207.34,0.1934,Rainy,0,14389.63,Autumn
2023-09-01,East,Groceries,218,178,266,232,704.93,0.0637,Rainy,0,777.57,Autumn
2023-09-01,East,Furniture,401,269,361,314,18380.08,0.1111,Rainy,0,18075.97,Autumn
2023-09-01,North,Clothing,238,198,287,250,714.99,0.3399,Rainy,0,683.51,Autumn
2023-09-01,North,Electronics,299,286,365,318,13388.5,0.0821,Rainy,0,12101.75,Autumn
2023-09-01,North,Groceries,316,158,234,204,238.23,0.1376,Rainy,0,246.81,Autumn
2023-09-01,North,Furniture,331,245,347,302,12603.53,0.1473,Rainy,0,11329.19,Autumn
2023-09-01,South,Clothing,225,251,385,335,1056.09,0.3112,Rainy,0,959.41,Autumn
2023-09-01,South,Electronics,251,264,302,263,13180.85,0.0829,Rainy,0,12391.6,Autumn
2023-09-01,South,Groceries,270,288,351,306,603.06,0.0763,Rainy,0,560.72,Autumn
2023-09-01,South,Furniture,252,221,338,294,14273.28,0.1558,Rainy,0,15773.39,Autumn
2023-09-01,West,Clothing,273,145,212,185,1272.62,0.2398,Rainy,0,1253.15,Autumn
2023-09-01,West,Electronics,192,182,208,181,8543.43,0.1033,Rainy,0,9550.37,Autumn
2023-09-01,West,Groceries,281,226,272,237,212.62,0.0523,Rainy,0,201.79,Autumn
2023-09-01,West,Furniture,255,258,285,248,18379.09,0.1784,Rainy,0,18080.83,Autumn
2023-10-01,East,Clothing,301,238,269,234,2553.78,0.093,Cloudy,1,2615.83,Winter
2023-10-01,East,Electronics,425,293,340,296,9634.25,0.1643,Cloudy,1,9512.37,Winter
2023-10-01,East,Groceries,340,305,372,324,400.13,0.1271,Cloudy,1,442.86,Winter
2023-10-01,East,Furniture,444,267,364,317,17160.96,0.2176,Cloudy,1,16664.44,Winter
2023-10-01,North,Clothing,232,227,316,275,2004.47,0.1204,Cloudy,1,2188.5,Winter
2023-10-01,North,Electronics,254,299,361,314,11249.72,0.054,Cloudy,1,9953.85,Winter
2023-10-01,North,Groceries,384,219,319,278,243.95,0.0763,Cloudy,1,220.47,Winter
2023-10-01,North,Furniture,205,281,315,274,13447.15,0.1848,Cloudy,1,12738.63,Winter
2023-10-01,South,Clothing,431,216,249,217,1774.31,0.2455,Cloudy,1,1665.93,Winter
2023-10-01,South,Electronics,301,310,350,305,14664.31,0.0612,Cloudy,1,13040.68,Winter
2023-10-01,South,Groceries,207,310,359,313,258.35,0.0272,Cloudy,1,251.18,Winter
2023-10-01,South,Furniture,248,302,393,342,5542.53,0.1834,Cloudy,1,5361.71,Winter
2023-10-01,West,Clothing,329,227,293,255,2248.62,0.1189,Cloudy,1,2297.93,Winter
2023-10-01,West,Electronics,329,259,307,267,3385.36,0.1409,Cloudy,1,3706.97,Winter
2023-10-01,West,Groceries,239,283,397,346,645.82,0.1314,Cloudy,1,654.48,Winter
2023-10-01,West,Furniture,233,269,340,296,15558.49,0.1171,Cloudy,1,17203.2,Winter
2023-11-01,East,Clothing,405,392,470,409,1318.86,0.313,Rainy,1,1436.76,Winter
2023-11-01,East,Electronics,353,478,533,464,9460.96,0.1241,Rainy,1,9244.16,Winter
2023-11-01,East,Groceries,375,355,468,407,634.7,0.115,Rainy,1,615.03,Winter
2023-11-01,East,Furniture,351,206,248,216,13503.93,0.1631,Rainy,1,13372.01,Winter
2023-11-01,North,Clothing,227,350,408,355,1305.82,0.2412,Rainy,1,1447.31,Winter
2023-11-01,North,Electronics,167,382,457,398,4100.18,0.1169,Rainy,1,4322.85,Winter
2023-11-01,North,Groceries,365,271,324,282,285.21,0.056,Rainy,1,300.99,Winter
2023-11-01,North,Furniture,285,198,248,216,4649.23,0.1872,Rainy,1,4320.04,Winter
2023-11-01,South,Clothing,201,330,438,381,1136.04,0.1107,Rainy,1,1114.52,Winter
2023-11-01,South,Electronics,354,331,469,408,16797.5,0.154,Rainy,1,16369.91,Winter
2023-11-01,South,Groceries,458,355,432,376,668.83,0.124,Rainy,1,661.71,Winter
2023-11-01,South,Furniture,359,235,297,259,3392.49,0.1587,Rainy,1,3559.47,Winter
2023-11-01,West,Clothing,201,222,302,263,599.38,0.2702,Rainy,1,536.77,Winter
2023-11-01,West,Electronics,178,297,377,328,10910.3,0.0811,Rainy,1,9737.2,Winter
2023-11-01,West,Groceries,303,200,249,217,442.58,0.1339,Rainy,1,409.68,Winter
2023-11-01,West,Furniture,256,187,233,203,2883.76,0.223,Rainy,1,3217.74,Winter
2023-12-01,East,Clothing,406,396,516,449,1060.63,0.3334,Sunny,1,1060.0,Winter
2023-12-01,East,Electronics,268,528,616,536,18662.77,0.0987,Sunny,1,16574.72,Winter
2023-12-01,East,Groceries,361,396,497,433,444.08,0.1041,Sunny,1,394.24,Winter
2023-12-01,East,Furniture,302,286,327,285,13510.43,0.0897,Sunny,1,12928.24,Winter
2023-12-01,North,Clothing,358,394,439,382,986.28,0.0873,Sunny,1,988.37,Winter
2023-12-01,North,Electronics,283,393,535,466,5025.0,0.0401,Sunny,1,5476.41,Winter
2023-12-01,North,Groceries,266,282,403,351,174.43,0.1479,Sunny,1,194.08,Winter
2023-12-01,North,Furniture,331,231,320,279,8531.77,0.0589,Sunny,1,8045.87,Winter
2023-12-01,South,Clothing,267,462,520,453,2089.35,0.3322,Sunny,1,1904.46,Winter
2023-12-01,South,Electronics,332,349,525,457,15615.62,0.1825,Sunny,1,16471.46,Winter
2023-12-01,South,Groceries,262,314,390,340,525.77,0.0716,Sunny,1,466.92,Winter
2023-12-01,South,Furniture,407,253,355,309,10200.53,0.2408,Sunny,1,10969.38,Winter
2023-12-01,West,Clothing,218,329,400,348,1862.49,0.2461,Sunny,1,1766.65,Winter
2023-12-01,West,Electronics,356,417,472,411,20912.13,0.1385,Sunny,1,20412.33,Winter
2023-12-01,West,Groceries,325,317,357,311,779.71,0.0727,Sunny,1,753.32,Winter
2023-12-01,West,Furniture,308,267,333,290,8173.18,0.1779,Sunny,1,7305.04,Winter
2024-01-01,East,Clothing,392,217,246,214,1791.67,0.1428,Cloudy,1,1682.81,Spring
2024-01-01,East,Electronics,300,242,279,243,20821.01,0.1207,Cloudy,1,23318.61,Spring
2024-01-01,East,Groceries,368,298,339,295,181.45,0.0965,Cloudy,1,196.84,Spring
2024-01-01,East,Furniture,307,225,296,258,12241.56,0.2245,Cloudy,1,10914.59,Spring
2024-01-01,North,Clothing,222,197,246,214,2561.92,0.213,Cloudy,1,2809.55,Spring
2024-01-01,North,Electronics,141,243,316,275,6838.86,0.0478,Cloudy,1,7124.49,Spring
2024-01-01,North,Groceries,287,233,299,260,213.39,0.0639,Cloudy,1,205.98,Spring
2024-01-01,North,Furniture,413,172,213,186,4671.26,0.1068,Cloudy,1,5089.45,Spring
2024-01-01,South,Clothing,278,306,350,305,2102.45,0.1457,Cloudy,1,2042.76,Spring
2024-01-01,South,Electronics,302,221,279,243,3084.06,0.1182,Cloudy,1,2869.83,Spring
2024-01-01,South,Groceries,257,294,332,289,616.14,0.1497,Cloudy,1,654.29,Spring
2024-01-01,South,Furniture,298,194,249,217,12453.15,0.2271,Cloudy,1,11126.01,Spring
2024-01-01,West,Clothing,337,178,236,206,1693.98,0.1355,Cloudy,1,1613.18,Spring
2024-01-01,West,Electronics,240,207,258,225,10963.17,0.1991,Cloudy,1,10604.16,Spring
2024-01-01,West,Groceries,383,114,134,117,662.61,0.0706,Cloudy,1,637.27,Spring
2024-01-01,West,Furniture,314,115,127,111,14652.92,0.2281,Cloudy,1,13830.2,Spring
2024-02-01,East,Clothing,267,201,282,246,2471.55,0.1434,Sunny,0,2359.47,Spring
2024-02-01,East,Electronics,312,173,251,219,19286.82,0.0474,Sunny,0,21133.83,Spring
2024-02-01,East,Groceries,380,259,365,318,201.88,0.0742,Sunny,0,202.39,Spring
2024-02-01,East,Furniture,305,223,311,271,3946.99,0.1617,Sunny,0,4349.95,Spring
2024-02-01,North,Clothing,353,158,228,199,1457.22,0.1747,Sunny,0,1329.75,Spring
2024-02-01,North,Electronics,238,224,273,238,12801.31,0.1895,Sunny,0,13354.51,Spring
2024-02-01,North,Groceries,352,143,178,155,699.58,0.0623,Sunny,0,637.58,Spring
2024-02-01,North,Furniture,284,166,248,216,7503.82,0.241,Sunny,0,6866.04,Spring
2024-02-01,South,Clothing,228,156,227,198,2309.63,0.3313,Sunny,0,2461.79,Spring
2024-02-01,South,Electronics,354,194,232,202,18467.84,0.0346,Sunny,0,18416.22,Spring
2024-02-01,South,Groceries,270,141,196,171,723.53,0.0512,Sunny,0,681.29,Spring
2024-02-01,South,Furniture,263,157,221,193,13672.25,0.2352,Sunny,0,12712.13,Spring
2024-02-01,West,Clothing,287,157,184,160,2200.04,0.2958,Sunny,0,2161.82,Spring
2024-02-01,West,Electronics,335,170,187,163,6430.15,0.1567,Sunny,0,6063.64,Spring
2024-02-01,West,Groceries,250,206,273,238,86.4,0.0976,Sunny,0,76.79,Spring
2024-02-01,West,Furniture,124,206,232,202,9356.63,0.1046,Sunny,0,9419.3,Spring
2024-03-01,East,Clothing,424,185,265,231,1213.87,0.0867,Cloudy,0,1306.36,Spring
2024-03-01,East,Electronics,312,177,224,195,19962.06,0.04,Cloudy,0,18581.6,Spring
2024-03-01,East,Groceries,444,266,338,294,721.91,0.1262,Cloudy,0,636.56,Spring
2024-03-01,East,Furniture,313,295,348,303,9346.77,0.0706,Cloudy,0,8484.5,Spring
2024-03-01,North,Clothing,248,186,271,236,2110.89,0.0875,Cloudy,0,2278.59,Spring
2024-03-01,North,Electronics,289,191,271,236,10289.69,0.0572,Cloudy,0,10538.72,Spring
2024-03-01,North,Groceries,254,197,221,193,447.78,0.1179,Cloudy,0,481.56,Spring
2024-03-01,North,Furniture,278,272,307,267,7716.85,0.0529,Cloudy,0,7717.64,Spring
2024-03-01,South,Clothing,273,229,290,253,1769.42,0.2463,Cloudy,0,1776.99,Spring
2024-03-01,South,Electronics,316,183,241,210,19311.9,0.0778,Cloudy,0,18217.92,Spring
2024-03-01,South,Groceries,282,196,285,248,558.82,0.1125,Cloudy,0,597.18,Spring
2024-03-01,South,Furniture,347,250,301,262,2614.66,0.1006,Cloudy,0,2577.09,Spring
2024-03-01,West,Clothing,204,197,273,238,2183.07,0.1615,Cloudy,0,1946.38,Spring
2024-03-01,West,Electronics,344,178,213,186,4578.21,0.1525,Cloudy,0,4601.27,Spring
2024-03-01,West,Groceries,190,137,164,143,451.76,0.0262,Cloudy,0,472.53,Spring
2024-03-01,West,Furniture,203,235,277,241,3123.43,0.1549,Cloudy,0,2829.98,Spring
2024-04-01,East,Clothing,257,239,282,246,1000.11,0.153,Windy,0,905.0,Summer
2024-04-01,East,Electronics,331,339,401,349,20358.5,0.0405,Windy,0,21506.7,Summer
2024-04-01,East,Groceries,397,307,349,304,231.55,0.0603,Windy,0,242.46,Summer
2024-04-01,East,Furniture,321,227,318,277,6978.47,0.2062,Windy,0,7677.25,Summer
2024-04-01,North,Clothing,220,294,326,284,1948.03,0.0569,Windy,0,2061.57,Summer
2024-04-01,North,Electronics,261,170,249,217,18282.88,0.0447,Windy,0,19173.18,Summer
2024-04-01,North,Groceries,149,234,313,273,740.37,0.0636,Windy,0,783.29,Summer
2024-04-01,North,Furniture,324,261,340,296,15075.95,0.1669,Windy,0,16793.66,Summer
2024-04-01,South,Clothing,388,250,282,246,2020.85,0.0581,Windy,0,2110.66,Summer
2024-04-01,South,Electronics,301,216,266,232,16628.49,0.0971,Windy,0,17229.33,Summer
2024-04-01,South,Groceries,368,248,299,260,154.61,0.0915,Windy,0,167.11,Summer
2024-04-01,South,Furniture,276,259,393,342,4482.57,0.165,Windy,0,4654.41,Summer
2024-04-01,West,Clothing,228,199,250,218,696.72,0.0582,Windy,0,672.43,Summer
2024-04-01,West,Electronics,321,175,217,189,19370.58,0.0757,Windy,0,19383.68,Summer
2024-04-01,West,Groceries,226,265,318,277,786.26,0.1158,Windy,0,867.71,Summer
2024-04-01,West,Furniture,311,233,304,265,11662.33,0.2404,Windy,0,11875.76,Summer
2024-05-01,East,Clothing,321,369,470,409,1818.86,0.1982,Sunny,0,1836.37,Summer
2024-05-01,East,Electronics,295,199,296,258,13822.89,0.1131,Sunny,0,13787.89,Summer
2024-05-01,East,Groceries,328,237,342,298,381.93,0.1322,Sunny,0,390.54,Summer
2024-05-01,East,Furniture,347,352,409,356,9357.47,0.2166,Sunny,0,9474.03,Summer
2024-05-01,North,Clothing,201,219,297,259,1992.4,0.1296,Sunny,0,2078.41,Summer
2024-05-01,North,Electronics,296,260,316,275,3169.65,0.1091,Sunny,0,3216.92,Summer
2024-05-01,North,Groceries,266,259,326,284,185.28,0.0784,Sunny,0,202.68,Summer
2024-05-01,North,Furniture,325,311,394,343,5284.23,0.0989,Sunny,0,5215.44,Summer
2024-05-01,South,Clothing,254,259,351,306,1851.82,0.2916,Sunny,0,1629.71,Summer
2024-05-01,South,Electronics,365,184,266,232,14270.78,0.1369,Sunny,0,14072.34,Summer
2024-05-01,South,Groceries,328,217,327,285,494.02,0.0432,Sunny,0,447.68,Summer
2024-05-01,South,Furniture,195,368,466,406,7480.08,0.1468,Sunny,0,6809.29,Summer
2024-05-01,West,Clothing,325,188,254,221,1339.05,0.0969,Sunny,0,1444.11,Summer
2024-05-01,West,Electronics,266,172,226,197,6184.33,0.1126,Sunny,0,5891.5,Summer
2024-05-01,West,Groceries,203,217,282,246,206.3,0.0364,Sunny,0,188.53,Summer
2024-05-01,West,Furniture,368,247,349,304,18264.67,0.1418,Sunny,0,17202.83,Summer
2024-06-01,East,Clothing,268,289,423,368,1157.0,0.2777,Rainy,0,1087.14,Summer
2024-06-01,East,Electronics,241,283,335,292,7495.16,0.1808,Rainy,0,6870.39,Summer
2024-06-01,East,Groceries,327,293,439,382,447.36,0.0968,Rainy,0,449.6,Summer
2024-06-01,East,Furniture,286,254,374,326,17404.3,0.0995,Rainy,0,15356.76,Summer
2024-06-01,North,Clothing,347,344,417,363,2355.46,0.2503,Rainy,0,2543.37,Summer
2024-06-01,North,Electronics,231,266,361,314,9841.73,0.1826,Rainy,0,10273.57,Summer
2024-06-01,North,Groceries,288,298,349,304,171.17,0.1394,Rainy,0,184.12,Summer
2024-06-01,North,Furniture,282,204,252,220,15817.59,0.2491,Rainy,0,14070.71,Summer
2024-06-01,South,Clothing,124,293,411,358,1529.33,0.2878,Rainy,0,1621.96,Summer
2024-06-01,South,Electronics,329,262,323,281,15692.71,0.1396,Rainy,0,14147.46,Summer
2024-06-01,South,Groceries,273,302,333,290,239.99,0.0945,Rainy,0,219.65,Summer
2024-06-01,South,Furniture,318,233,279,243,6500.73,0.1308,Rainy,0,6136.37,Summer
2024-06-01,West,Clothing,138,343,392,341,835.91,0.2386,Rainy,0,848.98,Summer
2024-06-01,West,Electronics,368,304,346,301,18056.9,0.1397,Rainy,0,20141.18,Summer
2024-06-01,West,Groceries,169,310,386,336,575.48,0.0617,Rainy,0,603.76,Summer
2024-06-01,West,Furniture,182,227,328,286,8018.85,0.1665,Rainy,0,8523.55,Summer
2024-07-01,East,Clothing,271,346,451,393,2445.7,0.0787,Windy,0,2295.66,Autumn
2024-07-01,East,Electronics,366,315,412,359,12140.47,0.1814,Windy,0,11923.15,Autumn
2024-07-01,East,Groceries,436,309,426,371,295.78,0.1239,Windy,0,280.8,Autumn
2024-07-01,East,Furniture,302,248,333,290,5991.58,0.217,Windy,0,5511.69,Autumn
2024-07-01,North,Clothing,288,330,395,344,1373.5,0.2964,Windy,0,1462.65,Autumn
2024-07-01,North,Electronics,297,303,425,370,12597.59,0.072,Windy,0,13331.17,Autumn
2024-07-01,North,Groceries,336,286,316,275,611.24,0.0662,Windy,0,616.8,Autumn
2024-07-01,North,Furniture,398,209,299,260,2980.02,0.1248,Windy,0,2791.15,Autumn
2024-07-01,South,Clothing,208,310,454,395,2211.89,0.1784,Windy,0,1969.25,Autumn
2024-07-01,South,Electronics,335,234,286,249,11867.45,0.1669,Windy,0,12986.31,Autumn
2024-07-01,South,Groceries,324,369,439,382,669.58,0.0883,Windy,0,679.82,Autumn
2024-07-01,South,Furniture,377,287,318,277,2923.82,0.2119,Windy,0,2838.13,Autumn
2024-07-01,West,Clothing,328,263,357,311,2405.83,0.3037,Windy,0,2188.32,Autumn
2024-07-01,West,Electronics,303,376,425,370,14867.58,0.1049,Windy,0,15725.61,Autumn
2024-07-01,West,Groceries,306,332,374,326,409.94,0.084,Windy,0,364.44,Autumn
2024-07-01,West,Furniture,298,229,301,262,13345.78,0.1941,Windy,0,13624.52,Autumn
2024-08-01,East,Clothing,361,368,427,372,2251.77,0.0667,Cloudy,1,2031.32,Autumn
2024-08-01,East,Electronics,361,244,281,245,10875.54,0.0368,Cloudy,1,9628.0,Autumn
2024-08-01,East,Groceries,301,424,499,434,759.93,0.0535,Cloudy,1,700.31,Autumn
2024-08-01,East,Furniture,298,291,417,363,17802.17,0.0525,Cloudy,1,19674.63,Autumn
2024-08-01,North,Clothing,317,298,382,333,746.2,0.1864,Cloudy,1,797.24,Autumn
2024-08-01,North,Electronics,345,207,256,223,12832.59,0.0879,Cloudy,1,11929.2,Autumn
2024-08-01,North,Groceries,261,192,294,256,638.37,0.0942,Cloudy,1,685.69,Autumn
2024-08-01,North,Furniture,203,227,317,276,4227.08,0.2467,Cloudy,1,4334.24,Autumn
2024-08-01,South,Clothing,254,300,417,363,2481.25,0.1122,Cloudy,1,2536.94,Autumn
2024-08-01,South,Electronics,329,276,328,286,4232.95,0.0992,Cloudy,1,4415.87,Autumn
2024-08-01,South,Groceries,341,223,331,288,399.18,0.0908,Cloudy,1,356.84,Autumn
2024-08-01,South,Furniture,247,302,387,337,11389.65,0.1075,Cloudy,1,10387.73,Autumn
2024-08-01,West,Clothing,142,238,340,296,559.15,0.1949,Cloudy,1,538.32,Autumn
2024-08-01,West,Electronics,254,188,284,247,11082.63,0.1368,Cloudy,1,10676.9,Autumn
2024-08-01,West,Groceries,310,230,261,227,336.53,0.1245,Cloudy,1,327.78,Autumn
2024-08-01,West,Furniture,270,230,265,231,9791.81,0.2471,Cloudy,1,9260.28,Autumn
2024-09-01,East,Clothing,429,227,300,261,909.49,0.2096,Rainy,0,988.16,Autumn
2024-09-01,East,Electronics,350,275,411,358,3578.66,0.0919,Rainy,0,4008.0,Autumn
2024-09-01,East,Groceries,308,313,368,320,530.67,0.0246,Rainy,0,584.46,Autumn
2024-09-01,East,Furniture,308,289,431,375,11178.17,0.1883,Rainy,0,11218.57,Autumn
2024-09-01,North,Clothing,292,240,319,278,1444.32,0.2182,Rainy,0,1576.48,Autumn
2024-09-01,North,Electronics,243,196,289,252,20755.15,0.1519,Rainy,0,22806.41,Autumn
2024-09-01,North,Groceries,354,226,278,242,335.93,0.0518,Rainy,0,314.61,Autumn
2024-09-01,North,Furniture,279,265,312,272,17751.9,0.2003,Rainy,0,18341.88,Autumn
2024-09-01,South,Clothing,294,217,330,287,2029.41,0.3376,Rainy,0,2227.49,Autumn
2024-09-01,South,Electronics,259,251,354,308,3944.75,0.176,Rainy,0,3829.58,Autumn
2024-09-01,South,Groceries,254,305,388,338,349.79,0.0755,Rainy,0,347.19,Autumn
2024-09-01,South,Furniture,389,355,516,449,13742.95,0.1381,Rainy,0,14463.96,Autumn
2024-09-01,West,Clothing,305,261,318,277,1918.32,0.1188,Rainy,0,1958.86,Autumn
2024-09-01,West,Electronics,289,242,278,242,14697.71,0.1104,Rainy,0,13915.25,Autumn
2024-09-01,West,Groceries,171,155,194,169,569.36,0.0426,Rainy,0,604.14,Autumn
2024-09-01,West,Furniture,296,339,440,383,11302.09,0.1303,Rainy,0,10259.71,Autumn
2024-10-01,East,Clothing,300,287,346,301,1290.12,0.1543,Rainy,1,1193.22,Winter
2024-10-01,East,Electronics,281,262,315,274,9839.22,0.1802,Rainy,1,10466.39,Winter
2024-10-01,East,Groceries,300,182,265,231,183.21,0.0414,Rainy,1,168.62,Winter
2024-10-01,East,Furniture,324,321,364,317,4145.29,0.2481,Rainy,1,4284.83,Winter
2024-10-01,North,Clothing,353,200,248,216,2396.11,0.3043,Rainy,1,2186.02,Winter
2024-10-01,North,Electronics,266,277,395,344,6679.59,0.1006,Rainy,1,6065.2,Winter
2024-10-01,North,Groceries,204,211,277,241,699.55,0.058,Rainy,1,618.49,Winter
2024-10-01,North,Furniture,360,221,338,294,18017.68,0.1544,Rainy,1,18358.75,Winter
2024-10-01,South,Clothing,362,273,301,262,1014.43,0.0562,Rainy,1,978.21,Winter
2024-10-01,South,Electronics,322,216,293,255,15163.54,0.1054,Rainy,1,13856.43,Winter
2024-10-01,South,Groceries,323,256,319,278,306.14,0.1067,Rainy,1,283.52,Winter
2024-10-01,South,Furniture,269,200,279,243,6332.51,0.1128,Rainy,1,6885.26,Winter
2024-10-01,West,Clothing,204,152,195,170,2445.63,0.2649,Rainy,1,2710.02,Winter
2024-10-01,West,Electronics,287,298,401,349,8238.63,0.0496,Rainy,1,9129.76,Winter
2024-10-01,West,Groceries,161,243,312,272,100.95,0.0871,Rainy,1,89.4,Winter
2024-10-01,West,Furniture,242,223,294,256,18382.55,0.148,Rainy,1,17376.6,Winter
2024-11-01,East,Clothing,287,308,435,379,2393.88,0.3127,Windy,1,2220.98,Winter
2024-11-01,East,Electronics,315,431,504,439,18822.73,0.1243,Windy,1,16796.65,Winter
2024-11-01,East,Groceries,318,276,346,301,110.2,0.06,Windy,1,115.04,Winter
2024-11-01,East,Furniture,309,303,336,293,3116.41,0.2074,Windy,1,3247.77,Winter
2024-11-01,North,Clothing,245,250,346,301,2363.34,0.2374,Windy,1,2537.4,Winter
2024-11-01,North,Electronics,198,330,410,357,19577.74,0.1274,Windy,1,18040.95,Winter
2024-11-01,North,Groceries,358,209,277,241,561.38,0.0532,Windy,1,546.33,Winter
2024-11-01,North,Furniture,257,231,302,263,10996.72,0.2476,Windy,1,11326.16,Winter
2024-11-01,South,Clothing,371,404,499,434,2661.97,0.1616,Windy,1,2563.29,Winter
2024-11-01,South,Electronics,246,337,423,368,5581.88,0.1209,Windy,1,5056.77,Winter
2024-11-01,South,Groceries,305,267,381,332,304.24,0.088,Windy,1,326.16,Winter
2024-11-01,South,Furniture,333,187,262,228,7816.42,0.235,Windy,1,8108.92,Winter
2024-11-01,West,Clothing,261,312,427,372,1425.27,0.3118,Windy,1,1422.42,Winter
2024-11-01,West,Electronics,258,288,399,347,17851.3,0.1146,Windy,1,18971.59,Winter
2024-11-01,West,Groceries,375,252,322,280,489.12,0.1471,Windy,1,477.2,Winter
2024-11-01,West,Furniture,372,252,280,244,10210.86,0.1575,Windy,1,9535.89,Winter
2024-12-01,East,Clothing,245,440,491,427,2332.63,0.2708,Windy,1,2421.66,Winter
2024-12-01,East,Electronics,487,562,635,553,5223.39,0.1903,Windy,1,5079.91,Winter
2024-12-01,East,Groceries,340,406,537,467,302.42,0.1129,Windy,1,299.12,Winter
2024-12-01,East,Furniture,291,228,256,223,5992.36,0.1281,Windy,1,6674.46,Winter
2024-12-01,North,Clothing,291,307,432,376,1872.51,0.22,Windy,1,1998.06,Winter
2024-12-01,North,Electronics,268,317,469,408,5184.88,0.1449,Windy,1,4989.73,Winter
2024-12-01,North,Groceries,316,366,422,367,622.31,0.0848,Windy,1,580.35,Winter
2024-12-01,North,Furniture,265,233,300,261,15731.28,0.1464,Windy,1,14641.94,Winter
2024-12-01,South,Clothing,412,387,535,466,2552.03,0.2509,Windy,1,2521.89,Winter
2024-12-01,South,Electronics,334,406,508,442,12132.0,0.1553,Windy,1,13386.08,Winter
2024-12-01,South,Groceries,295,393,473,412,546.07,0.0713,Windy,1,512.83,Winter
2024-12-01,South,Furniture,256,281,335,292,5832.03,0.0634,Windy,1,5963.17,Winter
2024-12-01,West,Clothing,333,351,496,432,2468.18,0.2437,Windy,1,2469.48,Winter
2024-12-01,West,Electronics,211,312,451,393,6675.5,0.0841,Windy,1,6500.19,Winter
2024-12-01,West,Groceries,271,289,340,296,744.99,0.0611,Windy,1,788.09,Winter
2024-12-01,West,Furniture,250,170,241,210,6399.2,0.2268,Windy,1,5806.87,Winter