Year,MonthNum,Region,Category,Monthly_Sales,Monthly_Profit,Monthly_Qty,Avg_Margin_Pct,Spot_Txn,Online_Txn_Count,Transport_Cost,Pred_Sales,Pred_Profit
2022,1,East,Clothing,450423.51,446024.97420000006,339,99.0234666480886,1,3,86.2458,415486.8116405464,404694.2539099742
2022,1,East,Electronics,1617897.02,1599207.8660000002,229,98.84484897561651,2,1,366.454,1674615.7929733137,1628533.132629913
2022,1,East,Food,118335.22,117343.1272,264,99.16162508507612,3,0,19.4528,131780.63882742077,128952.24041261803
2022,1,East,Furniture,867328.3899999999,853449.6477999999,92,98.39982844329586,0,2,272.1322,1086340.9520022022,1055584.0236880654
2022,1,North,Clothing,299603.73,296089.6566,252,98.82709290702088,2,2,68.9034,335320.0122669841,326734.3973538529
2022,1,North,Electronics,588471.16,579202.0426,105,98.42488162036692,2,0,181.7474,738276.027607937,717014.2647699945
2022,1,North,Food,37991.630000000005,37677.674,162,99.17361797848628,2,0,6.156000000000001,39745.724969801566,38932.07154666428
2022,1,North,Furniture,1050516.48,1028139.4956,77,97.8699063911877,1,1,438.7644,1448888.3535729158,1398340.0564018146
2022,1,South,Clothing,223156.13,221037.9572,129,99.05081128625058,2,0,41.53280000000001,232828.08303088194,227859.84133847713
2022,1,South,Electronics,1599009.52,1580114.8258,246,98.81835011213693,2,1,370.4842,1712164.801057956,1662929.0028800014
2022,1,South,Food,142718.61,141446.62919999997,320,99.10874916733002,3,1,24.9408,141778.13137223662,138500.1407841239
2022,1,South,Furniture,1511509.73,1489670.4794,147,98.5551366182737,2,1,428.2206,1618514.2998018048,1572783.4910164608
2022,1,West,Clothing,348267.6,344120.0352,241,98.80908680566324,2,2,81.32480000000001,367310.2938679763,357870.3385964812
2022,1,West,Electronics,1521725.46,1502476.2546,134,98.73504085290128,0,2,377.4354,1544548.3946035907,1500357.3870502657
2022,1,West,Food,119998.19,118833.9416,205,99.02977836582367,2,1,22.8284,131240.7234248017,128271.9690387208
2022,1,West,Furniture,1929995.88,1910289.5616,186,98.97894505349927,2,1,386.3984,1572799.7726412108,1525587.40609368
2022,2,East,Clothing,102990.76,101877.0526,140,98.91863367160316,2,0,21.8374,119865.70001942453,116963.72928941793
2022,2,East,Electronics,3078669.43,3048328.2346,315,99.01447050130356,0,4,594.9254,3321132.272935278,3239193.0748354453
2022,2,East,Food,102239.57,101322.8246,228,99.10333601755173,2,1,17.9754,121881.83276799602,119345.0978443817
2022,2,East,Furniture,2958382.33,2927173.543,305,98.94507255929966,4,0,611.937,2717380.6288620248,2638144.27443059
2022,2,North,Clothing,341565.92,338233.3862,267,99.02433656144618,4,0,65.3438,339646.7070750594,331539.382985391
2022,2,North,Electronics,1235497.36,1221734.1736,138,98.88602057393308,0,2,269.8664,912655.7863461907,883468.5050076222
2022,2,North,Food,52757.96,52265.5754,169,99.06671031252914,2,0,9.6546,54465.70470432537,53161.54743222285
2022,2,North,Furniture,1631760.16,1609111.6210000005,161,98.6120178960614,3,0,444.089,1787201.8630553964,1736953.8072497582
2022,2,South,Clothing,342134.85,338952.4806,271,99.0698493883333,3,1,62.39940000000001,329954.8671479762,322067.2994773705
2022,2,South,Electronics,2779753.64,2744299.4498,244,98.72455638910506,2,2,695.1802,3221311.0520897037,3133907.4302253355
2022,2,South,Food,69127.29,68430.06899999999,325,98.99139543876232,4,0,13.671,77002.65804720233,75152.72664869612
2022,2,South,Furniture,618585.15,606315.8250000001,87,98.01655034880808,1,1,240.575,892250.9985887513,863376.6799263606
2022,2,West,Clothing,322303.98,318608.0508,242,98.85327844850067,2,2,72.4692,352440.74297192454,343607.2887398106
2022,2,West,Electronics,2537961.85,2510089.942,211,98.9017995680274,2,1,546.508,2599861.3962254752,2532452.9482460627
2022,2,West,Food,62177.09,61319.55559999999,195,98.62081934037118,3,1,16.8144,74573.01261273806,72577.75239242737
2022,2,West,Furniture,699659.0399999999,690824.3609999999,106,98.73728795099969,2,0,173.229,744435.1535674997,725442.1139802001
2022,3,East,Clothing,273153.55,270368.6134,301,98.98045015340271,3,1,54.6066,285888.61211357155,278786.1314905015
2022,3,East,Electronics,1218770.68,1203965.839,131,98.78526442726698,2,0,290.291,1206295.7392534122,1172479.8148361659
2022,3,East,Food,71913.62,71323.0094,248,99.17872219476644,2,1,11.5806,74477.8079638691,72934.08023953869
2022,3,East,Furniture,1276257.61,1262286.1191999998,185,98.90527659223908,2,1,273.9508,1243476.1465021428,1209407.8923284842
2022,3,North,Clothing,172435.47999999998,170406.40419999996,122,98.8232840480393,1,1,39.7858,220532.85397302482,215317.80212040068
2022,3,North,Electronics,1237069.62,1219757.2416000003,195,98.60053321817088,2,1,339.4584,1485040.678851865,1442961.055651393
2022,3,North,Food,122981.78,121732.0556,284,98.9838133746316,3,1,24.5044,130405.39692466272,127269.59953005004
2022,3,North,Furniture,1912819.28,1893244.3682,317,98.97664604258902,4,0,383.8218,1871969.7486582345,1822784.9989172902
2022,3,South,Clothing,673940.71,669085.1734,351,99.2795305984706,4,0,95.2066,620836.8489210714,608044.1929202656
2022,3,South,Electronics,2888607.06,2857205.6868,200,98.91292333821268,1,2,615.7132,2623015.2001508353,2551793.3458670606
2022,3,South,Food,120953.06,119875.3484,312,99.10898360074562,3,1,21.1316,128199.88447913223,125391.40153932685
2022,3,South,Furniture,2344706.19,2318632.0014,216,98.88795497230296,2,1,511.2586,2409562.033032855,2344724.1925130063
2022,3,West,Clothing,273286.94,270913.3796,170,99.1314768279816,2,0,46.5404,316666.27108760824,310236.0762869726
2022,3,West,Electronics,1232976.68,1209126.0302,128,98.06560414427304,1,2,467.6598,2093630.8642819047,2035468.393124404
2022,3,West,Food,79617.2,78909.4322,135,99.11103655993932,2,0,13.8778,81839.71339642853,80120.18349881373
2022,3,West,Furniture,1181853.17,1165737.8738,176,98.63643838261228,1,2,315.9862,1318538.5979714086,1281235.975809267
2022,4,East,Clothing,194779.41,193251.6132,159,99.21562715484148,1,1,29.956800000000005,202934.65261353168,198764.54915008214
2022,4,East,Electronics,1256524.86,1244111.1131999998,154,99.01205720673126,0,2,243.4068,1380834.4012967858,1348286.7192217482
2022,4,East,Food,138075.16999999998,136952.20099999997,336,99.18669736202388,3,1,22.019,143099.42611998538,140009.44243769205
2022,4,East,Furniture,3867397.82,3840348.7256,446,99.30058670819646,3,1,530.3744,3511557.854763393,3431488.6954226405
2022,4,North,Clothing,293572.89,291108.84540000005,317,99.16067025126198,3,1,48.3146,282585.0090181319,276220.1172989542
2022,4,North,Electronics,1869123.12,1843551.924,175,98.63191484143644,2,1,501.3960000000001,2304325.0366314272,2239506.6743695876
2022,4,North,Food,13541.78,13369.757,112,98.72968693923548,1,1,3.373,23412.35096845238,22909.36352589374
2022,4,North,Furniture,2099157.99,2077117.575,231,98.95003543778046,2,1,432.165,2175777.071367406,2120224.473454439
2022,4,South,Clothing,232351.63,230512.8454,180,99.20861988357905,2,0,36.0546,208018.33163993515,203035.4983865494
2022,4,South,Electronics,1754075.21,1732730.0983999998,197,98.78311309125678,2,1,418.5316,1947788.5279195427,1895295.1235990056
2022,4,South,Food,87885.42,87066.105,164,99.06774639069825,2,0,16.065,111540.45771404757,109180.02106182456
2022,4,South,Furniture,820814.19,814935.5832,209,99.28380784937454,0,2,115.2668,752190.4179202379,735614.5789619097
2022,4,West,Clothing,127864.77,126334.90260000002,142,98.80352703876136,1,1,29.997400000000003,155995.72377821422,151976.5251365279
2022,4,West,Electronics,1304630.45,1285676.4733999998,124,98.54717658935525,1,1,371.6466,1600177.7193189284,1553250.487808709
2022,4,West,Food,164286.51,162976.7178,259,99.2027390441248,1,2,25.6822,152637.27250458338,149231.14516561647
2022,4,West,Furniture,1823134.7,1803065.9654,213,98.8992182201348,3,0,393.5046,1468480.1682298617,1423272.813545125
2022,5,East,Clothing,190927.36,189528.7462,185,99.26746287174348,2,0,27.4238,207451.74997968256,203276.0174490715
2022,5,East,Electronics,3217375.02,3193473.4008,216,99.25710807563864,2,0,468.6592,2783334.3857434927,2716570.895226235
2022,5,East,Food,117160.32,116445.6162,307,99.389977937923,3,0,14.013800000000002,83282.02229194445,81366.7934325606
2022,5,East,Furniture,3811259.72,3780293.897,400,99.18751737548864,3,1,607.173,3763601.360125118,3675211.675457159
2022,5,North,Clothing,378252.65,375214.0292000001,297,99.1966689988821,3,0,59.5808,363729.1339287301,356236.43060406804
2022,5,North,Electronics,3313052.57,3279809.4746,315,98.99660223622712,3,1,651.8254,3326114.9153929777,3239939.4031087966
2022,5,North,Food,71276.14,70536.334,140,98.96205658723945,2,0,14.506,80983.12728125001,79121.89321343503
2022,5,North,Furniture,2702121.99,2681534.7792,281,99.23810949778768,2,1,403.6708,2531055.3284460106,2473213.9860409126
2022,5,South,Clothing,400311.3000000001,396980.7552000001,268,99.16801129520952,2,1,65.3048,469668.9375674997,459760.98333229125
2022,5,South,Electronics,1533452.42,1518382.6339999998,170,99.01726419395524,1,1,295.486,1468678.1636833334,1429506.6451728642
2022,5,South,Food,141868.51,140787.0754,351,99.23772047792706,3,1,21.2046,136663.5898863544,133772.83865653348
2022,5,South,Furniture,3089853.06,3069136.9109999994,337,99.329542583491,3,0,406.199,1921251.7000966116,1870505.5677569986
2022,5,West,Clothing,301908.48,299127.858,157,99.0789851282084,2,0,54.522,376142.2673601189,368289.10126149555
2022,5,West,Electronics,3804618.68,3764742.5756,246,98.95190273312753,1,2,781.8844,2792111.794293591,2697598.9511796506
2022,5,West,Food,54497.73,53993.2482,149,99.0743067647038,2,0,9.891800000000002,54732.81867073412,53460.315631031044
2022,5,West,Furniture,2058198.28,2035330.8388,211,98.88895829803144,3,0,448.3812,2125629.8125893907,2068710.8418554992
2022,6,East,Clothing,223066.37,221209.6232,215,99.16762585054842,1,1,36.4068,252966.54662803942,247138.74735205696
2022,6,East,Electronics,2167887.6100000003,2151543.2728000004,209,99.24607082375456,0,2,320.47720000000004,1973199.7183008932,1926995.9842861283
2022,6,East,Food,173995.83,172894.9746,421,99.36730931999922,2,2,21.5854,136078.780402406,133013.2505331733
2022,6,East,Furniture,3670032.85,3639559.585,361,99.1696732360311,2,2,597.515,3494534.661968689,3411515.783341405
2022,6,North,Clothing,119412.8,118457.2028,172,99.1997531252931,2,0,18.7372,127147.5035167262,124417.07413181635
2022,6,North,Electronics,1987972.18,1961301.9238,196,98.65841904286609,3,0,522.9462000000001,2887083.707482736,2815413.181893615
2022,6,North,Food,99872.95,99102.29920000002,180,99.22836884261456,2,0,15.1108,102974.70949583329,100844.1774839651
2022,6,North,Furniture,2150184.74,2128323.59,293,98.98328968700616,3,1,428.65,2337912.3721365463,2281394.267320549
2022,6,South,Clothing,334621.33,332224.7584,426,99.28379592538228,4,0,46.9916,314183.91999633657,306901.5314094236
2022,6,South,Electronics,2258753.7,2235773.916,159,98.98263436159507,1,1,450.584,2331893.7238752185,2270160.6020416208
2022,6,South,Food,81958.29000000001,81402.3186,205,99.32164104448738,2,0,10.9014,78718.553753869,77072.33414727036
2022,6,South,Furniture,2884067.04,2856786.8340000003,330,99.05410638443412,2,2,534.906,2792493.723670336,2724453.2297925176
2022,6,West,Clothing,275698.1,273398.4998,370,99.16589914838006,3,1,45.0902,264584.2587533971,258448.69754986084
2022,6,West,Electronics,2157057.76,2129390.3314,213,98.71735337305014,2,1,542.4986,2214644.3713745037,2148568.294541276
2022,6,West,Food,154144.73,153058.277,271,99.29517343862486,2,1,21.303,145286.7119713096,142400.35434614948
2022,6,West,Furniture,2812648.49,2779129.4846,263,98.80827606012012,4,0,657.2354000000001,2882980.7807094045,2803490.6497844346
2022,7,East,Clothing,741693.26,736521.4622,416,99.3027039506871,3,1,101.4078,590153.3922819642,574642.3462728926
2022,7,East,Electronics,4056020.41,4024352.7352,291,99.21924271579292,2,1,620.9348,3630137.8776438115,3543584.126422629
2022,7,East,Food,121777.68,121078.3068,228,99.4256967286616,2,0,13.713200000000002,84024.87774636905,82115.79633637276
2022,7,East,Furniture,2213079.92,2195202.5432,351,99.192194703931,3,1,350.5368,1772615.3392617267,1728121.8194012889
2022,7,North,Clothing,541222.78,537998.7538,337,99.40430700274662,2,1,63.21619999999999,513621.7792985716,503440.1311597294
2022,7,North,Electronics,2821568.19,2796619.8162,278,99.11579759481197,2,1,489.1838,2661860.0349071026,2592893.4363137013
2022,7,North,Food,164638.81,163354.74219999998,348,99.22006980006718,3,1,25.1778,158676.59325947496,155128.13072498157
2022,7,North,Furniture,2179615.2800000003,2156616.4424000005,228,98.94482123469058,3,0,450.9576,2180414.860291094,2123494.237729394
2022,7,South,Clothing,531244.2,527972.499,331,99.38414367629802,1,2,64.15100000000001,508927.17799351184,498832.683689078
2022,7,South,Electronics,2792052.18,2766253.5036,292,99.07599590778422,3,0,505.8564,2884782.271181943,2809246.168416729
2022,7,South,Food,65869.03,65506.7056,215,99.44993208492671,1,1,7.104400000000001,60173.151816904814,59105.05394986265
2022,7,South,Furniture,2170743.49,2150686.0672,203,99.0760113807827,1,2,393.2828,1899434.9945433328,1849513.3924889695
2022,7,West,Clothing,486843.54,482791.7226,377,99.16773725702512,2,2,79.4474,514782.19182041666,503094.73112583125
2022,7,West,Electronics,2166516.52,2145550.012,166,99.03224795165652,2,0,411.10800000000006,1981066.0954405367,1928773.2945355906
2022,7,West,Food,72894.3,72180.52440000001,235,99.02080738823202,3,0,13.9956,78537.3610780952,76699.14169222026
2022,7,West,Furniture,2101882.98,2076651.0156,196,98.79955427394916,3,0,494.7444,2159532.989788255,2103142.129338901
2022,8,East,Clothing,132497.24,131324.1176,170,99.11460616085289,2,0,23.0024,153096.09494722218,149823.53486493372
2022,8,East,Electronics,2539748.17,2516037.9538,280,99.06643436226986,2,1,464.9062,2587472.9916215064,2521216.7472365843
2022,8,East,Food,149754.82,148545.18159999998,367,99.19225411242188,3,1,23.718400000000003,151879.01637575933,148553.04182966292
2022,8,East,Furniture,3462573.2,3433343.2538,294,99.1558316745477,2,1,573.1361999999999,3264799.617058651,3185424.5699998084
2022,8,North,Clothing,151919.32,150101.578,154,98.80348200610692,1,1,35.642,184779.902414403,179848.7783533089
2022,8,North,Electronics,1737071.47,1719966.7737999998,239,99.01531419429736,2,1,335.38620000000003,1729910.2671182537,1685774.757462267
2022,8,North,Food,25742.81,25566.146,189,99.31373459229977,2,0,3.464,25312.027814583318,24819.238741258447
2022,8,North,Furniture,2798661.23,2770078.3412,216,98.97869422373785,2,1,560.4488,2685370.7178551173,2615684.1200640863
2022,8,South,Clothing,232598.07,230868.762,192,99.256525215364,0,2,33.908,229297.14490509927,224445.0984503607
2022,8,South,Electronics,926941.07,918493.0118,184,99.08860892311094,0,2,165.6482,915955.9252071418,892876.9445050841
2022,8,South,Food,102757.38,101904.915,340,99.17040995011746,2,2,16.715,101406.5826606548,99048.61702496227
2022,8,South,Furniture,3308925.38,3281074.025,384,99.1582960689189,2,2,546.105,2900822.536343572,2824188.6309736995
2022,8,West,Clothing,140484.31,139067.32599999997,144,98.99135782494145,2,0,27.784,169301.83179165586,165427.54754359546
2022,8,West,Electronics,1191454.23,1176692.79,138,98.76105689767034,1,1,289.44,1263615.5766574815,1227902.6936190974
2022,8,West,Food,108851.82,107926.476,169,99.14990488905008,2,0,18.144,114470.1529991666,111945.11765805806
2022,8,West,Furniture,2985155.67,2954293.5198000004,281,98.9661460368665,3,1,605.1401999999999,2814655.975509821,2738816.7832208127
2022,9,East,Clothing,327864.55,325037.977,187,99.13788392188177,1,1,55.423,403939.2164734527,395153.0681387499
2022,9,East,Electronics,1382251.36,1367742.4822,157,98.9503444728027,2,0,284.4878,1428488.9791963492,1390854.771745896
2022,9,East,Food,104295.59,103362.3818,231,99.10522755564256,2,1,18.2982,112092.4092324638,109678.47042219133
2022,9,East,Furniture,3255703.7,3236174.9942,349,99.40016943802348,3,0,382.9158000000001,2935088.3449925804,2871032.6843554717
2022,9,North,Clothing,504440.5500000001,499749.2844,324,99.07000624751518,1,3,91.9856,451762.18662099214,440129.3828906756
2022,9,North,Electronics,1575532.19,1555633.6118,205,98.7370249667828,3,0,390.1682,1671329.731960099,1623706.984384548
2022,9,North,Food,108050.85,107096.3136,317,99.1165859407862,3,1,18.7164,109710.79290448414,107177.12768153884
2022,9,North,Furniture,1870038.57,1852963.5558,177,99.08691646932182,1,1,334.8042,1874750.9897683137,1827250.0310755253
2022,9,South,Clothing,241455.21,238833.8202,240,98.9143370317004,2,1,51.399800000000006,283000.9341770436,276118.4222613978
2022,9,South,Electronics,3440622.95,3404158.103,238,98.94016730313328,3,0,714.997,3125350.917809187,3035931.754320155
2022,9,South,Food,41135.46,40716.1176,152,98.98058171708789,2,0,8.2224,49352.41785728176,48211.043258546095
2022,9,South,Furniture,3905387.81,3875327.0228,423,99.23027395325434,2,2,589.4272,3745980.3126252354,3656105.2704075864
2022,9,West,Clothing,402160.94,398333.9306,288,99.0483885879121,4,0,75.0394,438672.20293670654,428774.6451679673
2022,9,West,Electronics,1443987.62,1422620.3744,116,98.52026116401191,1,1,418.9656,1741645.124735654,1689704.3572975344
2022,9,West,Food,27723.69,27417.241200000004,175,98.89463199162884,2,1,6.0088,36704.32158035715,35911.995809166685
2022,9,West,Furniture,4789138.81,4749536.3818,369,99.1730782971396,3,1,776.5182000000001,4590276.637021651,4480957.040144613
2022,10,East,Clothing,245406.21,243519.7404,182,99.23128693442598,1,1,36.9896,256380.19144789677,250944.06420724464
2022,10,East,Electronics,4429226.970000001,4394554.181400001,425,99.21718194089296,1,3,679.8586,4356496.053614581,4251476.995612453
2022,10,East,Food,102052.85,101228.0372,180,99.19177876952972,1,1,16.172800000000002,116151.02676811507,113810.30928315216
2022,10,East,Furniture,4671980.2700000005,4636464.7574000005,411,99.23981886593027,2,2,696.3826000000001,4198944.504831726,4098220.835242379
2022,10,North,Clothing,244980.18,241701.3492,173,98.66159343992643,2,1,64.2908,410691.3898665477,402185.1084717687
2022,10,North,Electronics,884657.01,874708.2054,133,98.87540544103076,1,1,195.0746,1008739.0545933119,983683.5958978492
2022,10,North,Food,46727.75,46299.1664,149,99.08280711140596,2,0,8.4036,49802.158868928585,48697.106137849936
2022,10,North,Furniture,1881872.97,1864792.4784,259,99.09236745134822,2,1,334.9116,1900618.0593882333,1851006.739590949
2022,10,South,Clothing,192861.79,190883.6224,266,98.97430818204062,2,2,38.787600000000005,193201.7137441143,188333.9886166802
2022,10,South,Electronics,3300868.9400000004,3265566.2912000003,317,98.9305043780381,2,2,692.2088000000001,3361937.0010128175,3270538.9014864746
2022,10,South,Food,54204.22,53727.2884,174,99.12012090571544,2,0,9.3516,53546.98516773811,52277.39647087329
2022,10,South,Furniture,1543012.21,1530117.0129999998,275,99.16428418930008,2,1,252.847,995351.4043694044,964765.9334138551
2022,10,West,Clothing,357163.49,353891.0444,288,99.0837681645456,3,1,64.1656,367333.415768631,359234.4848331348
2022,10,West,Electronics,2913644.35,2881761.5674,288,98.90574213012648,3,1,625.1526,2766186.131376409,2691178.3526874613
2022,10,West,Food,136095.3,134701.7148,212,98.9760225371486,2,1,27.3252,138513.0159043056,135221.17150403914
2022,10,West,Furniture,1724816.26,1707124.7986,129,98.97429878125104,0,2,346.8914,1791581.2485455764,1748517.4725381064
2022,11,East,Clothing,520905.18,518045.8242,462,99.45107940758048,3,1,56.0658,371257.215370774,362857.2902170801
2022,11,East,Electronics,1012481.44,1005697.2568,253,99.32994493212637,0,2,133.0232,897942.4186472616,875418.0074949181
2022,11,East,Food,115717.71,114891.6834,285,99.28617097590336,2,1,16.1966,119169.88781924607,116758.3116093163
2022,11,East,Furniture,1729464.09,1709598.9779999997,185,98.85137181425952,3,0,389.512,1893366.3241838291,1842368.5058062128
2022,11,North,Clothing,332263.73,330032.4392,217,99.32845790902306,1,1,43.7508,320319.28410533734,313315.8037593685
2022,11,North,Electronics,2823092.54,2804545.6862,326,99.3430306113876,3,0,363.6638,2643650.4471256537,2587505.367368601
2022,11,North,Food,122087.2,121021.4122,290,99.12702740336414,3,1,20.8978,120421.81199339805,117767.29928389056
2022,11,North,Furniture,1150631.38,1130774.3668,140,98.27425068139549,3,0,389.3532,1438466.9339958532,1393224.476664691
2022,11,South,Clothing,405034.6,402772.2094,359,99.44143275660892,2,1,44.3606,335756.9509965477,329187.44769951684
2022,11,South,Electronics,1592748.05,1580878.208,227,99.25475708477558,2,0,232.742,1559474.4489277983,1521904.5102606053
2022,11,South,Food,61682.98,61300.990000000005,206,99.38072058126892,2,0,7.49,60245.282240257955,59072.2162266115
2022,11,South,Furniture,3468890.34,3435545.6322,327,99.038750017102,3,1,653.8178,3262721.1964087486,3178934.971220396
2022,11,West,Clothing,405796.61,402829.3178,202,99.26877353657538,2,0,58.1822,500541.44268541655,490566.15080433775
2022,11,West,Electronics,5197669.55,5156898.721999999,399,99.21559407330923,2,2,799.428,5437388.623241608,5315757.910702971
2022,11,West,Food,121719.55,120487.2472,278,98.98758843587574,3,1,24.162800000000004,138721.2983458731,135539.37022818803
2022,11,West,Furniture,871398.81,861950.754,136,98.9157598229908,2,0,185.256,912774.6690016867,889477.0419813846
2022,12,East,Clothing,897267.7300000001,892533.4102000002,505,99.47236263584338,3,1,92.8298,581891.0044283334,567132.3259843437
2022,12,East,Electronics,6368526.61,6332811.167200001,586,99.43918829287894,3,1,700.3028,5789757.973750654,5662147.399132888
2022,12,East,Food,141466.69999999998,140614.41859999998,454,99.39753920887388,4,0,16.711399999999998,110105.21998192462,107598.26890109674
2022,12,East,Furniture,2729492.78,2704852.5482,359,99.09725968207178,3,1,483.1418,2978883.453369581,2908851.357435583
2022,12,North,Clothing,348411.83,345980.6192,311,99.30220199469116,1,2,47.6708,346678.1742228572,339257.09419477417
2022,12,North,Electronics,3289923.94,3266022.433,365,99.27349362976456,3,0,468.657,3096972.5613785903,3020641.7389703896
2022,12,North,Food,80483.29000000001,79893.20980000001,176,99.26682892809178,1,1,11.5702,87987.23023404759,86188.22649357472
2022,12,North,Furniture,1869243.92,1845623.1578,240,98.73634671498624,1,3,463.1522,2038732.793982381,1982176.9176291
2022,12,South,Clothing,368636.64,366182.5302,347,99.33427404286238,2,1,48.119800000000005,370271.82193172636,362233.74825443374
2022,12,South,Electronics,5176515.1,5145076.965999999,545,99.39267763364585,3,1,616.4340000000001,4761511.575343314,4655027.011030732
2022,12,South,Food,250413.18,248851.0806,441,99.37619122124482,3,1,30.6294,195101.60569484122,190296.5777445071
2022,12,South,Furniture,3292106.37,3261184.9170000004,319,99.0607395531998,3,1,606.303,2715969.6031788676,2639717.630715008
2022,12,West,Clothing,350301.94,348014.6104,293,99.34704055592726,1,2,44.8496,337914.0496541666,331340.08188050985
2022,12,West,Electronics,3647894.62,3625460.7706,251,99.38501925803985,1,1,439.8794,2950766.1524536903,2882774.4598554797
2022,12,West,Food,101674.75,100933.5262,189,99.27098537247448,0,2,14.5338,97502.68727119043,95346.49879910058
2022,12,West,Furniture,1900435.56,1877316.0768,220,98.78346397601612,3,1,453.3232,2059832.1838675586,2007561.8213371807
2023,1,East,Clothing,164499.37,162629.2918,134,98.86316999268752,1,1,36.6682,187974.3389064231,183418.6365270188
2023,1,East,Electronics,2202362.75,2171371.0292,206,98.59279672251992,0,3,607.6808,2554666.988847545,2474047.9490642864
2023,1,East,Food,69215.05,68688.06700000001,195,99.23862945992238,2,0,10.333,57021.38407202381,55696.52617692649
2023,1,East,Furniture,2443427.77,2414713.9438,260,98.82485471629064,3,1,563.0162,2557344.881142321,2488610.4451705324
2023,1,North,Clothing,172474.68,170319.2568,122,98.75029586951544,2,0,42.2632,214049.95928690475,208865.46039092826
2023,1,North,Electronics,2790632.1100000003,2759770.276,218,98.89409163288096,1,2,605.1340000000001,2767188.2479539276,2687375.952590181
2023,1,North,Food,49245.25,48696.0922,133,98.88485122930638,1,1,10.7678,68788.12385117059,67301.50278770627
2023,1,North,Furniture,1380881.46,1363454.0154,120,98.73794781776562,1,1,341.7146,1440997.3664545834,1402279.4778765654
2023,1,South,Clothing,337697.26,334044.6706,260,98.91838346571129,4,0,71.61940000000001,351618.419777738,343232.41794918414
2023,1,South,Electronics,2904835.9,2876809.2172,239,99.03517156339193,2,1,549.5428,2742543.4780105944,2672557.264685136
2023,1,South,Food,167188.61000000002,165957.2048,364,99.26346346201454,4,0,24.1452,158628.9244857593,155348.89183464355
2023,1,South,Furniture,1202631.19,1185072.4306,165,98.5399713938901,3,0,344.28940000000006,1365191.1206304561,1325158.8871165034
2023,1,West,Clothing,194571.37,192247.759,168,98.80577959645348,2,1,45.56100000000001,232085.12179559525,226516.45828453617
2023,1,West,Electronics,1507293.67,1486661.365,254,98.6311688683732,1,3,404.555,1944602.3392466072,1891255.5874510186
2023,1,West,Food,27555.41,27260.8136,138,98.93089451399926,1,1,5.7764,39872.8956180357,39025.32187438498
2023,1,West,Furniture,1826051.63,1804010.2766,220,98.79295015333165,3,1,432.1834,1991676.036357322,1935813.3412242467
2023,2,East,Clothing,322377.76,319189.495,191,99.01101583434291,2,1,62.515,343724.9526214285,336497.55971413036
2023,2,East,Electronics,1749916.67,1729424.972,295,98.82899006842425,3,1,401.79800000000006,1890106.414616607,1839681.4600672428
2023,2,East,Food,102376.37,101319.4358,198,98.9675994567887,3,0,20.7242,113816.93748089105,111131.31289558351
2023,2,East,Furniture,1293469.77,1277080.4508,117,98.73291826526412,1,1,321.3592,1539151.6282592264,1500676.3222983037
2023,2,North,Clothing,116505.24,114764.202,109,98.50561399641768,1,1,34.138,157251.23194273812,152898.99301774206
2023,2,North,Electronics,1367833.2,1350279.2141999998,131,98.71665742577385,1,1,344.1958,1474816.8459162498,1433472.8931455535
2023,2,North,Food,66225.81999999999,65589.8398,137,99.0396793878883,0,2,12.4702,75284.23525904764,73618.29397903201
2023,2,North,Furniture,1231623.34,1213088.7058,98,98.49510531360993,2,0,363.4242,1821615.3376997232,1776938.9668373354
2023,2,South,Clothing,379733.95,376253.1183999999,288,99.08334990853464,3,1,68.2516,371847.8637719048,363045.88886177755
2023,2,South,Electronics,3258972.98,3225057.6536000003,223,98.95932471339484,2,1,665.0064,3107946.287581667,3025211.468191073
2023,2,South,Food,109448.46,108327.8778,198,98.97615535202596,1,2,21.972200000000004,115723.89981197321,113121.2885414039
2023,2,South,Furniture,1363236.19,1348611.3177999998,149,98.9271945457962,2,0,286.7622,1192729.7758547023,1160186.4942758176
2023,2,West,Clothing,137314.83000000002,135601.5462,127,98.7522951453969,2,0,33.5938,142539.80716487556,138635.02245971715
2023,2,West,Electronics,856217.3200000001,841137.1096000001,95,98.2387403235431,1,1,295.6904,945397.4129765672,913784.2860086758
2023,2,West,Food,77768.45,76703.4068,189,98.63049450001895,2,2,20.8832,87189.1208360965,84916.3920109827
2023,2,West,Furniture,736078.65,722594.6682000001,89,98.1681330113297,1,1,264.3918,834020.5473997822,805921.1756586997
2023,3,East,Clothing,174743.63999999998,173261.73299999998,180,99.15195368483796,0,2,29.057,176672.75852815463,172680.49088385463
2023,3,East,Electronics,1324021.65,1310052.9233999995,139,98.94497747827612,2,0,273.8966,1209456.9584283729,1177942.3224920414
2023,3,East,Food,90561.49,89655.7606,227,98.99987356656789,2,1,17.7594,124474.71950665205,122114.3428943983
2023,3,East,Furniture,1910429.14,1892074.8214,228,99.039256771387,2,1,359.8886,1851502.965880555,1804852.2657276415
2023,3,North,Clothing,495739.28,491434.9412,313,99.1317333579054,2,2,84.39880000000001,443308.98540378996,433029.1724239505
2023,3,North,Electronics,871461.95,857138.3756,126,98.35637409068752,0,2,280.85440000000006,1027316.8638360137,992338.6186993303
2023,3,North,Food,111105.68,110197.3394,306,99.182453498327,3,1,17.8106,110377.00313452377,108032.22993810981
2023,3,North,Furniture,1901595.71,1876241.4272,203,98.66668384522175,3,0,497.1428,1954173.4030426785,1896475.2234289045
2023,3,South,Clothing,478206.03,473962.6056,305,99.11263678544582,2,2,83.2044,468829.1999830358,458045.9872693173
2023,3,South,Electronics,2873932.08,2833065.1578,232,98.57801363906972,2,2,801.3122000000001,3979788.920806369,3880159.8913162695
2023,3,South,Food,58313.21,57781.3106,156,99.08785779414303,1,1,10.4294,58993.73018577382,57645.143414865546
2023,3,South,Furniture,623902.15,618196.0252,170,99.085413505948,1,1,111.8848,725893.2300934521,709976.9398444194
2023,3,West,Clothing,191478.24,189790.905,165,99.11878498569864,0,2,33.085,184403.5534801677,180073.85572642804
2023,3,West,Electronics,1527692.1,1495915.1322,121,97.91993636675872,1,2,623.0778,2357173.1712826784,2280435.183718006
2023,3,West,Food,102634.34,101692.778,147,99.08260529565445,0,2,18.462,111428.40350678569,109028.37251088463
2023,3,West,Furniture,1692659.8199999998,1671912.7446,134,98.774291493491,2,0,406.8054,1778705.1257460702,1729514.5029965574
2023,4,East,Clothing,322343.32,319822.15540000005,372,99.21786354995662,3,1,49.4346,305313.96311892866,298419.8582523739
2023,4,East,Electronics,4055042.33,4019623.1563999993,340,99.12653997868377,3,1,694.4936,3789262.1875476176,3695016.028533514
2023,4,East,Food,111668.71,110810.584,283,99.23154301683972,2,1,16.826,116665.3838402959,114260.72117332448
2023,4,East,Furniture,2621543.1500000004,2598052.1012000004,331,99.10392286314264,4,0,460.6088,3040545.9818292465,2973540.637555176
2023,4,North,Clothing,173019.71000000002,171376.4492,138,99.0502464719193,1,1,32.2208,178515.13375832248,174406.8229626157
2023,4,North,Electronics,455056.17,444249.7188,83,97.6252489445424,1,1,211.8912,1090130.2550415085,1061901.8838636961
2023,4,North,Food,119890.16,119066.4488,195,99.31294511576264,2,0,16.1512,115140.71126412702,112848.8827994619
2023,4,North,Furniture,1722266.46,1706772.2825999998,166,99.10036119498024,2,0,303.8074,1706906.7429963693,1666509.1306083547
2023,4,South,Clothing,124999.53,123916.9938,161,99.13396778371887,2,0,21.2262,131186.67920573408,128309.5010956552
2023,4,South,Electronics,1123777.13,1110173.3186,134,98.78945646455716,2,0,266.7414,1138769.4401472618,1106353.5137531832
2023,4,South,Food,75237.62,74678.59879999999,267,99.2569924460662,1,2,10.9612,78720.4265879762,77182.01342308852
2023,4,South,Furniture,3527589.72,3490194.0108,324,98.93990763755826,3,1,733.2492,3862094.2675897237,3762894.681055234
2023,4,West,Clothing,260112.6,258195.102,168,99.26282002486616,1,1,37.598000000000006,268253.7520618849,262591.8824913873
2023,4,West,Electronics,3485571.29,3450493.6226,219,98.99363219163996,2,1,687.7974,3171853.1979798423,3087962.936786544
2023,4,West,Food,73394.10999999999,72667.3804,154,99.00982572034732,2,0,14.2496,79833.8900307341,77995.34997216525
2023,4,West,Furniture,1305434.85,1291588.7987999998,135,98.93935333502088,1,1,271.4912,1295826.7926176193,1262740.0579705923
2023,5,East,Clothing,295514.04,293647.542,229,99.3683894003818,0,2,36.598,271652.045099881,265848.3133092214
2023,5,East,Electronics,2166127.79,2145593.762,273,99.05203986141557,2,1,402.628,2396008.218659582,2337740.2856513327
2023,5,East,Food,28567.81,28368.5734,196,99.30258357220944,1,1,3.906600000000001,27940.82524589284,27382.886946495913
2023,5,East,Furniture,1550566.08,1538076.4452000002,198,99.19451128454972,2,0,244.89480000000003,1470257.1432133722,1434815.8314167475
2023,5,North,Clothing,263197.52,261093.93320000003,174,99.20075736275936,2,0,41.2468,261944.07973500018,256210.2107196924
2023,5,North,Electronics,2017152.13,1998611.8756,173,99.08086980033578,2,0,363.5344,2035617.2884297634,1985669.771645157
2023,5,North,Food,92394.91,91635.2548,257,99.17781704641524,3,0,14.8952,86216.33237404755,84128.61418331672
2023,5,North,Furniture,735749.23,725491.3348,127,98.60578920347628,1,1,201.1352,1126135.300536747,1097696.0462697144
2023,5,South,Clothing,462508.01,458751.2378,345,99.18773899721216,2,2,73.6622,430264.6671016666,420565.2934515587
2023,5,South,Electronics,1180791.99,1166792.1636,157,98.81436980276264,1,1,274.5064,1232099.091203792,1196540.2798395501
2023,5,South,Food,119554.45,118708.6558,277,99.29254477771426,1,2,16.584200000000003,120138.49162611998,117717.29888896298
2023,5,South,Furniture,2220773.22,2205354.0534,321,99.3056847740626,3,0,302.33660000000003,2012185.0234502978,1966987.064988372
2023,5,West,Clothing,515379.62,510635.192,312,99.07943042062858,4,0,93.028,491227.71689386934,479347.9828341693
2023,5,West,Electronics,462194.0500000001,455934.6058,127,98.64571077883843,1,1,122.7342,637666.8914149407,621060.3004081412
2023,5,West,Food,75067.97,74412.47720000001,231,99.12680095119131,2,1,12.8528,75241.67903321428,73577.59435655702
2023,5,West,Furniture,3056927.8,3029107.402,338,99.08992296121616,3,1,545.498,2929068.239265297,2856179.2311866665
2023,6,East,Clothing,214774.41,213417.963,226,99.36843174193795,1,1,26.597,205905.32805097566,201768.75150186027
2023,6,East,Electronics,1025077.33,1013319.7186,146,98.85300249494348,2,0,230.5414,1113629.2213093434,1083310.0995236628
2023,6,East,Food,197161.16,195861.782,427,99.34095640338089,0,4,25.478,176769.1656567261,173037.90998173022
2023,6,East,Furniture,1630085.18,1612378.8979999998,216,98.913781793906,1,2,347.1820000000001,1810333.4861512291,1764530.6963774045
2023,6,North,Clothing,253667.17,251641.6744,183,99.20151448845353,0,2,39.7156,266247.21490883303,260491.47310110068
2023,6,North,Electronics,4379466.25,4332242.4838000005,304,98.92170041954314,2,2,925.9562,4194454.058825534,4078067.0158127854
2023,6,North,Food,154088.53,152999.5066,400,99.29324823852885,4,0,21.3534,139970.38795371036,136897.7080184715
2023,6,North,Furniture,1522612.73,1503541.892,126,98.7474925419808,0,2,373.9380000000001,1708811.8271557346,1660902.4626581771
2023,6,South,Clothing,153018.66,151962.5826,228,99.3098375060924,2,0,20.7074,141418.98166751993,138261.08106292068
2023,6,South,Electronics,2911798.76,2885412.8186000003,265,99.09382675195587,1,2,517.3714,2663272.232878055,2593583.069062499
2023,6,South,Food,93192.59,92443.4612,169,99.19614982264147,2,0,14.6888,95483.01536124997,93463.50655080419
2023,6,South,Furniture,1149603.53,1140627.1526,197,99.2191762493979,1,1,176.00740000000002,1055845.9727127375,1031370.2674722932
2023,6,West,Clothing,155030.82,153530.5122,159,99.03225190965252,1,1,29.4178,169604.83825476206,165640.1961151181
2023,6,West,Electronics,1784243.62,1764822.6262,163,98.9115279111941,2,0,380.8038,1916684.114827401,1866467.400192525
2023,6,West,Food,122256.06,121323.1068,366,99.2368859261455,4,0,18.2932,116245.75735472223,113646.90036531573
2023,6,West,Furniture,1437621.42,1417467.4848,184,98.59810552906202,3,0,395.1752,1556764.385347976,1509772.7672164848
2023,7,East,Clothing,473721.86,470186.7338,416,99.2537548932194,3,1,69.3162,463443.76844952354,452447.2916136064
2023,7,East,Electronics,1210249.52,1198102.952,181,98.99635837079282,2,0,238.168,1272927.0741324401,1239310.6905946592
2023,7,East,Food,157828.52000000002,156818.22020000004,289,99.35987500864864,2,1,19.8098,124237.11546675493,121526.92609871627
2023,7,East,Furniture,1055943.06,1046896.8432,187,99.1433044884068,1,1,177.3768,1077359.9311960905,1052131.0342177546
2023,7,North,Clothing,233472.73,231745.7986,306,99.26032843321786,1,2,33.8614,218459.53321265866,213460.19961321432
2023,7,North,Electronics,1432834.37,1417235.3875999998,136,98.911319917598,2,0,305.8624,1575135.3871239882,1535319.0583686507
2023,7,North,Food,77354.74,76649.563,246,99.08838553396984,3,0,13.827,84228.46041051591,82442.49083315839
2023,7,North,Furniture,2744606.0300000003,2717977.5632,322,99.02978910237256,3,1,522.1268,2742432.4412595835,2673382.131114715
2023,7,South,Clothing,656462.74,652339.39,473,99.37188361977712,3,1,80.85000000000001,573812.8314399401,561198.112602111
2023,7,South,Electronics,4835097.13,4788597.7576,346,99.03829496802685,1,3,911.7524,4535128.859763576,4414075.981693838
2023,7,South,Food,174762.91,173612.26840000003,436,99.34159851194973,3,1,22.5616,159154.46473998556,155852.32391199865
2023,7,South,Furniture,2121818.8,2098195.345,226,98.8866412626752,2,1,463.205,2093976.4070599405,2037956.454432061
2023,7,West,Clothing,146708.04,145789.1424,192,99.37365559515348,2,0,18.0176,138601.545821508,136031.6884196582
2023,7,West,Electronics,4048167.75,4004853.909,317,98.93003838588456,3,1,849.291,4160369.9622049425,4047681.595220183
2023,7,West,Food,59399.74,58846.1554,158,99.06803531463268,2,0,10.8546,64090.53145214282,62650.23660505613
2023,7,West,Furniture,287938.89,282526.6782,91,98.12036095575696,1,1,106.1218,713581.051545059,697920.1711171094
2023,8,East,Clothing,641474.8300000001,636429.2674000001,368,99.2134434019804,4,0,98.9326,591883.2992262502,578153.9497015696
2023,8,East,Electronics,2718203.29,2690341.3168,251,98.9749856715095,2,1,546.3131999999999,2314737.450683669,2256086.3772685467
2023,8,East,Food,179571.31,178308.9172,293,99.2969963854471,1,2,24.7528,160779.25685833336,157269.19316338186
2023,8,East,Furniture,3675968.5,3647301.145,285,99.22014144027622,1,2,562.105,3288876.505329409,3211738.861338483
2023,8,North,Clothing,285387.98,283073.32459999993,187,99.18894432764829,1,1,45.3854,302310.4382057035,295615.39981472725
2023,8,North,Electronics,2173782.87,2150052.0192,229,98.90831549335007,2,1,465.3108,2316774.699486488,2256816.3099524984
2023,8,North,Food,128693.26,127470.5962,202,99.04993952286236,2,1,23.9738,143489.66027821432,140572.74974576992
2023,8,North,Furniture,2272972.29,2251103.0004000003,233,99.03785498414504,3,0,428.8096000000001,2155566.2280244287,2100572.8489514976
2023,8,South,Clothing,734745.7,729049.7241999999,351,99.22476908677385,4,0,111.6858,695462.8918964282,679941.7052560509
2023,8,South,Electronics,4667975.3100000005,4629896.5782,386,99.18425592957988,2,2,746.6418,4404262.793427618,4298733.670003753
2023,8,South,Food,108564.66,107747.7522,284,99.2475380109881,3,0,16.017799999999998,112171.82734079371,109809.05896412618
2023,8,South,Furniture,3455247.0,3419950.3488,335,98.97846228648775,4,0,692.0912,3708573.960548829,3611733.4155234983
2023,8,West,Clothing,370715.4,366994.6746,220,98.99633913239106,1,2,72.95540000000001,421194.6917178573,411504.0942500537
2023,8,West,Electronics,1614035.4,1596884.2835999995,142,98.93737668950754,1,1,336.2964,1756632.504099207,1711604.6161883047
2023,8,West,Food,26471.54,26246.4464,250,99.1496769738368,2,1,4.413600000000001,35710.398079702376,35049.22013504975
2023,8,West,Furniture,890284.4400000001,881869.5828000001,155,99.05481250464176,2,0,164.99720000000002,877370.7460527973,855734.9727982228
2023,9,East,Clothing,226326.07,224470.1494,246,99.1799793103817,3,0,36.3906,246687.97805898794,241721.25547296365
2023,9,East,Electronics,2266287.35,2241923.0282,255,98.92492354069752,0,3,477.7318,2305396.3686522846,2242855.354923156
2023,9,East,Food,106405.12,105576.1354,348,99.22091662506466,2,2,16.2546,102885.44829374997,100698.77189156982
2023,9,East,Furniture,1124766.1,1116509.0674000003,343,99.2658889168157,3,0,161.90259999999998,990792.0826468453,966280.1585789116
2023,9,North,Clothing,377098.82,373745.0192,301,99.11063078903295,2,2,65.7608,360528.84496404754,352248.0194865828
2023,9,North,Electronics,1838402.73,1820518.0296,194,99.02716090940532,0,2,350.6804,1907267.1120740874,1856932.221079161
2023,9,North,Food,83424.63,82737.74160000001,235,99.17663596470253,1,2,13.4684,83165.1744920436,81445.13627034269
2023,9,North,Furniture,1733105.27,1717978.3742,259,99.12717963173696,3,0,296.60580000000004,1735370.868061845,1694921.7987904144
2023,9,South,Clothing,264688.53,262022.93340000004,201,98.99293082325858,2,1,52.2666,328809.46541625,321629.1176054491
2023,9,South,Electronics,3553341.92,3517005.9908,314,98.9774153453828,2,2,712.4692000000001,3848647.346599728,3752511.6964062755
2023,9,South,Food,82096.11,81516.5766,160,99.29407934188356,2,0,11.3634,78928.00820404755,77225.49556082858
2023,9,South,Furniture,2593220.81,2575033.0064,229,99.29864038072408,2,0,356.6236,2273604.652646647,2220685.4239121997
2023,9,West,Clothing,433228.24,429205.921,295,99.07154736727227,4,0,78.869,426416.93832940503,416871.8980391488
2023,9,West,Electronics,1332589.59,1318473.1062,150,98.94067281435088,1,1,276.7938,1227451.7135990479,1193483.824043928
2023,9,West,Food,19375.23,19168.8126,119,98.93463251791076,1,1,4.0474000000000006,28172.322277559513,27583.43190958561
2023,9,West,Furniture,4453801.85,4415685.010999999,359,99.14417299458438,1,3,747.389,4287990.72285637,4183337.207274769
2023,10,East,Clothing,395202.56,392089.6628,337,99.21232868532024,4,0,61.03719999999999,364598.3083354163,356509.4822078842
2023,10,East,Electronics,2898059.7800000003,2875868.711,319,99.23427842471904,2,1,435.119,2577016.107043454,2512782.716288028
2023,10,East,Food,143824.77,142686.093,350,99.20828866960817,2,2,22.327,142780.08336558065,139696.28262957363
2023,10,East,Furniture,2320529.62,2300213.26,169,99.12449469186264,2,0,398.36,2330553.462247244,2275676.085257318
2023,10,North,Clothing,229769.23,226834.6594,192,98.72281828162978,1,2,57.5406,379139.6772522618,370768.39325289667
2023,10,North,Electronics,2323526.3600000003,2298412.2566000004,299,98.91913843404816,3,1,492.43340000000006,2641047.5716918455,2573678.0235790107
2023,10,North,Food,134896.82,133517.3618,274,98.97739753983824,2,2,27.0482,141584.95774931076,138238.9991713249
2023,10,North,Furniture,3354359.13,3327823.6668,330,99.2089259923698,3,1,520.3032000000001,3170413.643077142,3100029.800432653
2023,10,South,Clothing,264132.97,261229.08099999995,180,98.9005957870386,1,2,56.939,370067.7684521426,362820.2592250363
2023,10,South,Electronics,3839132.58,3804511.1484,287,99.09819650979595,0,3,678.8516000000001,3536186.621001905,3438927.6042613597
2023,10,South,Food,112742.74,111797.9446,229,99.16199003146455,1,2,18.5254,137709.1620719048,134949.30243873448
2023,10,South,Furniture,2695881.23,2672958.311,274,99.1497059015467,3,0,449.4690000000001,2599728.588490893,2535817.506527215
2023,10,West,Clothing,276562.68,273900.71459999995,239,99.03748206374048,3,0,52.1954,312283.7756665077,305178.14070480113
2023,10,West,Electronics,2594999.4,2561823.0126,267,98.72152620150896,3,1,650.5174,2792308.2502067853,2712962.3566597896
2023,10,West,Food,22974.04,22751.7718,145,99.03252453638976,1,1,4.3582,23385.535566785707,22843.227154019358
2023,10,West,Furniture,1199819.31,1185516.6048,142,98.80792840381942,2,0,280.4452,1207085.37124518,1172561.0491961506
2023,11,East,Clothing,498943.7,495752.5076,316,99.36041032284804,2,1,62.5724,496208.65033148834,486435.54282738426
2023,11,East,Electronics,4016300.23,3991819.8424,381,99.39047416283418,2,1,480.0076,3757859.0849768464,3675747.207939036
2023,11,East,Food,165480.5,164278.481,411,99.27361894603897,4,0,23.569000000000003,162623.74204067458,159071.69258403123
2023,11,East,Furniture,1736444.75,1720982.7434,162,99.10955954112562,2,0,303.1766,1715493.7286627379,1674838.719742925
2023,11,North,Clothing,519706.79,516377.6426,329,99.35941814421936,1,2,65.2774,495993.8316550596,485753.25360581354
2023,11,North,Electronics,1958263.2,1940661.3864,280,99.10115179614264,1,2,345.1336,2328568.550025971,2273291.771617733
2023,11,North,Food,23747.46,23574.5598,209,99.27192129179288,2,0,3.3902,27298.239145476182,26738.90862966198
2023,11,North,Furniture,1886433.01,1862582.2174,197,98.73566713084608,1,2,467.66260000000005,2086488.3645958125,2032419.5860894502
2023,11,South,Clothing,230948.09,228991.0874,189,99.15262230573111,2,0,38.372600000000006,262706.37663688866,256734.7499620564
2023,11,South,Electronics,4095929.79,4064212.5534,468,99.22564012993006,3,1,621.9066,4702819.21963369,4606165.076280798
2023,11,South,Food,127721.61,126576.6804,247,99.10357409368704,2,1,22.4496,132332.28226530636,129153.13560148464
2023,11,South,Furniture,1999534.56,1969950.1128,156,98.52043331524112,3,0,580.0872,2484105.9273150433,2410263.237298135
2023,11,West,Clothing,265189.73,263008.3376,277,99.17742199141723,2,1,42.7724,281824.4072849573,275730.71500575176
2023,11,West,Electronics,4368837.22,4331600.0392,377,99.14766380789987,1,3,730.1408,4367298.35000494,4262732.523497354
2023,11,West,Food,86180.89,85267.9696,203,98.9406927684316,2,1,17.9004,109232.10442551943,106905.36016129484
2023,11,West,Furniture,1792784.8199999998,1768787.4533999998,184,98.6614474680793,3,0,470.5366,2141002.775345119,2088899.544700063
2023,12,East,Clothing,195518.06,194397.3554,218,99.42680251635066,1,1,21.9746,178458.9372658929,175010.37156003
2023,12,East,Electronics,3947483.98,3924854.6578,544,99.42674061973015,3,1,443.7122,3885702.8525843425,3803870.4800107
2023,12,East,Food,155696.49,154817.4642,385,99.43542349605954,2,1,17.2358,144469.49929444454,141416.59512964234
2023,12,East,Furniture,1440773.56,1424023.4668,218,98.83742361290972,2,1,328.4332,1602899.5434519637,1559973.4082132191
2023,12,North,Clothing,289882.48,287750.2924,218,99.2644648272638,2,0,41.8076,308395.035868512,302027.3960785093
2023,12,North,Electronics,5701599.99,5660829.8658,473,99.28493538179622,2,2,799.4142,5673527.384936606,5536741.664877995
2023,12,North,Food,99556.44,98807.0256,406,99.24724668740666,3,1,14.694400000000002,102481.54732422618,100190.03672384622
2023,12,North,Furniture,2642680.3200000003,2611577.205,274,98.82304663320002,2,2,609.865,2906065.365657917,2829331.436961323
2023,12,South,Clothing,501853.58,499097.0912,400,99.45073844048298,3,0,54.04879999999999,470556.8281464287,461122.1974909362
2023,12,South,Electronics,4865193.59,4836629.153,423,99.41288180066029,3,0,560.087,4059020.586971882,3961450.03551736
2023,12,South,Food,183367.79,182120.279,385,99.31966731998024,3,1,24.46100000000001,157349.72403847217,154019.73573339547
2023,12,South,Furniture,2350417.34,2325139.7612,218,98.92454933982066,2,1,495.6387999999999,2437421.493461388,2371514.2561234636
2023,12,West,Clothing,461455.44,458219.1228,426,99.2986717850807,3,1,63.45720000000001,417449.7738587502,407862.1480389692
2023,12,West,Electronics,5542548.640000001,5501503.962400001,434,99.259462022511,3,1,804.7976000000001,5652373.254961487,5516107.277088731
2023,12,West,Food,189690.64,188155.71340000004,327,99.19082638974702,3,1,30.0966,186529.1700584794,182567.7902947843
2023,12,West,Furniture,1402414.82,1388871.5456,160,99.03428898448178,0,2,265.55440000000004,1233029.5474169054,1194421.6705853946
2024,1,East,Clothing,227298.79,225551.0098,178,99.23106489040262,1,1,34.2702,206633.87409220252,202010.36135300554
2024,1,East,Electronics,2610498.0,2583479.3016,232,98.96499831066716,1,2,529.7783999999999,2543836.1145848604,2475638.3239526707
2024,1,East,Food,116595.5,115652.2244,265,99.19098455772308,0,3,18.4956,118506.83279065823,115928.86698437326
2024,1,East,Furniture,1087065.36,1071568.7447999998,108,98.57445414321728,2,0,303.8552,1332895.3442281545,1300189.3043556556
2024,1,North,Clothing,111067.88,109395.488,93,98.49426134720495,2,0,32.792,132593.74504543646,128959.40951498142
2024,1,North,Electronics,901903.6,887895.9094,113,98.44687496535109,0,2,274.6606,972598.5788460134,940793.1991882506
2024,1,North,Food,61282.43,60689.8304,296,99.03300244458322,3,1,11.6196,69456.94380583333,67932.44647349209
2024,1,North,Furniture,1973549.5,1938459.6538,180,98.22199310430268,3,1,688.0362,2537739.855966508,2454982.879496673
2024,1,South,Clothing,112798.96,111124.9666,87,98.5159496151383,2,0,32.8234,147405.90024547637,143409.57406837144
2024,1,South,Electronics,3205279.94,3166826.1542,220,98.80029867843618,3,0,753.9958,2870894.600347857,2781906.5529730017
2024,1,South,Food,77337.36,76756.572,180,99.24902013722732,2,0,11.388000000000002,78376.28171591267,76736.27636102343
2024,1,South,Furniture,1073622.68,1054002.9493999998,137,98.17256742378056,3,0,384.7006,1697826.5557712303,1652902.9188639254
2024,1,West,Clothing,214856.82,211605.6108,155,98.48680195490188,2,1,63.7492,299198.67419380945,291124.79233273835
2024,1,West,Electronics,2543170.3,2506154.8162,190,98.5445141522768,3,0,725.7938,2620267.4094048827,2537221.0075815404
2024,1,West,Food,144400.22999999998,143075.21939999997,314,99.08240409312369,4,0,25.9806,147546.7661945834,144318.1145605327
2024,1,West,Furniture,1013576.44,998266.7194,222,98.48953468176512,1,3,300.1906,1109212.93059488,1075849.500154985
2024,2,East,Clothing,173095.21,171259.159,134,98.939282606376,0,2,36.001,192026.64601393213,187656.65464386332
2024,2,East,Electronics,2857404.49,2824425.5848000003,295,98.84584400579564,1,3,646.6451999999999,2819353.020267618,2739138.5684895418
2024,2,East,Food,143159.49,141893.5782,324,99.11573322872272,3,1,24.821800000000003,143405.28268911236,140038.17251033883
2024,2,East,Furniture,1061253.2,1049288.4877999998,122,98.8725864666415,1,1,234.6022,980061.937331627,954224.1057128166
2024,2,North,Clothing,173154.62,171135.8258,196,98.83410895995728,2,1,39.5842,199645.11312015873,194839.71699644136
2024,2,North,Electronics,1610226.33,1586582.3526,126,98.53163639424524,1,1,463.6074,1794119.5512517872,1739347.613228737
2024,2,North,Food,60452.0,59941.245200000005,166,99.15510686164232,2,0,10.0148,58190.34120079365,56850.10882665694
2024,2,North,Furniture,1631012.83,1603835.1136,136,98.33369082694465,1,2,532.8964,1948314.5807703566,1887237.4948397374
2024,2,South,Clothing,488497.87,483915.0916,289,99.0618631765989,2,2,89.8584,446005.0917915672,435341.85559557664
2024,2,South,Electronics,1515885.0,1498448.7426,129,98.8497638409246,1,1,341.8874,1611627.5257476992,1571010.3462869956
2024,2,South,Food,91545.87,90689.1516,289,99.06416488258836,3,1,16.7984,85802.06422958332,83792.86419013841
2024,2,South,Furniture,1318144.6,1297193.3716000002,171,98.41055158895314,2,1,410.80840000000006,1645301.961505159,1598014.1321892664
2024,2,West,Clothing,222568.22,219876.848,205,98.79076536623242,2,2,52.772,249707.59613211037,243660.96664587752
2024,2,West,Electronics,2023197.35,1991133.9866,169,98.41521325638352,2,1,628.6934,2276167.0212225006,2204323.1171504674
2024,2,West,Food,96611.57,95440.4468,239,98.78780233050762,2,2,22.9632,121536.08034087312,118644.34771433119
2024,2,West,Furniture,1728626.74,1699867.2075999998,191,98.33627863468084,4,0,563.9124,2662957.7170519033,2588792.7159813573
2024,3,East,Clothing,285362.7,282927.042,271,99.14646938790528,2,1,47.758,278128.4980362501,271755.4755644655
2024,3,East,Electronics,2605764.46,2575864.4554,301,98.85254384811128,4,0,586.2746,2608579.351956547,2534630.208047151
2024,3,East,Food,119191.6,118156.096,381,99.1312273683716,3,1,20.304,116940.31545808059,114076.89679987486
2024,3,East,Furniture,2123965.35,2105297.8608,226,99.12110198972876,3,0,366.0292,2038589.0707163096,1991101.9115949615
2024,3,North,Clothing,364717.12,360404.968,251,98.8176721728884,1,3,84.552,396106.4637833528,385978.3991874048
2024,3,North,Electronics,1159749.1,1144151.8516000002,122,98.65511873214646,0,2,305.8284,1275028.5754731544,1238526.6113723842
2024,3,North,Food,108693.56,107741.5124,297,99.12409934866426,3,1,18.6676,107781.83416291667,105451.8581442376
2024,3,North,Furniture,1757541.1,1737936.2614000002,216,98.884530290643,1,2,384.4086,1752262.7651673015,1699854.4353910435
2024,3,South,Clothing,266350.96,264451.85260000004,176,99.28699059316324,1,1,37.2374,252907.26577185423,247824.23175740574
2024,3,South,Electronics,1739008.5699999998,1718237.9224,226,98.80560406898974,2,1,407.2676,1760933.6503233528,1710978.8189208787
2024,3,South,Food,171465.8,169997.0714,319,99.1434276689579,3,1,28.7986,160587.65852982135,156969.79900217065
2024,3,South,Furniture,2286322.5300000003,2263055.361,281,98.98233216465744,3,1,456.2190000000001,2225590.677608055,2170001.6074511847
2024,3,West,Clothing,303502.5,300151.596,194,98.89592210937306,1,2,65.70400000000002,357684.0703810911,349309.1692698275
2024,3,West,Electronics,1828478.46,1802462.8704,238,98.577200105491,1,3,510.1096,2079594.9973482736,2019671.818665551
2024,3,West,Food,141830.97,140406.29520000002,294,98.99551219314093,1,3,27.9348,145758.5185358333,142330.37703727733
2024,3,West,Furniture,1041072.71,1029139.2098,137,98.85373037969654,1,1,233.9902,1095304.251322818,1067188.8925699191
2024,4,East,Clothing,84378.91,83658.12700000001,190,99.14577825193524,2,0,14.133000000000004,84394.42073678576,82421.52221109894
2024,4,East,Electronics,1287152.65,1275030.613,185,99.05822848595308,1,1,237.687,1299219.5629027777,1265236.168766242
2024,4,East,Food,75539.33,75000.3518,266,99.28649327443068,1,2,10.5682,74621.62426708335,73145.99267917895
2024,4,East,Furniture,2725013.43,2704239.9264,388,99.23767334974198,3,1,407.3236,2506888.1479283343,2449745.2628191393
2024,4,North,Clothing,298395.19,295039.2472,252,98.87533616074708,3,1,65.8028,342676.33682537713,334325.0356361661
2024,4,North,Electronics,1755872.02,1731695.6434,198,98.62311282800668,2,1,474.0466,2006977.4267195838,1947944.06967822
2024,4,North,Food,47149.79,46722.665,131,99.09411049338716,2,0,8.375,49972.60675408729,48920.16838507388
2024,4,North,Furniture,2677436.83,2652551.8798,362,99.07056816724226,3,1,487.94020000000006,2613009.8053329755,2546042.61525233
2024,4,South,Clothing,372147.82,368632.4308,326,99.0553782634008,2,2,68.92920000000001,369842.0110860716,360932.21997412096
2024,4,South,Electronics,2121881.64,2102631.6390000004,169,99.09278629697744,1,1,377.451,1980869.668896688,1931936.9776917826
2024,4,South,Food,171998.57,170506.55479999998,319,99.13254209032084,2,2,29.2552,162505.07234929086,158828.91251198013
2024,4,South,Furniture,3085598.69,3059082.158,264,99.140635751307,1,2,519.932,2896843.424276942,2827611.3197244327
2024,4,West,Clothing,471686.24,468329.1446,254,99.28827786029969,3,0,65.82539999999999,443226.688232262,434887.3663725393
2024,4,West,Electronics,2389230.05,2358624.1646,254,98.71900634265,1,3,600.1154,2500154.480323512,2427386.8747085687
2024,4,West,Food,46938.04,46507.059400000006,143,99.08180955148534,2,0,8.4506,49990.05057075397,48906.73820935366
2024,4,West,Furniture,1562646.04,1548439.327,220,99.09085534175097,1,2,278.56300000000005,1393740.555822916,1359630.2683114456
2024,5,East,Clothing,284296.05000000005,282547.52520000003,210,99.3849633858789,1,1,34.284800000000004,265404.92245206377,260063.2412714309
2024,5,East,Electronics,4127586.1,4089006.395199999,367,99.06532041088133,3,1,756.4648,4060446.86881857,3955103.7283590394
2024,5,East,Food,143177.87,142263.7868,407,99.3615750814005,2,2,17.9232,120523.52061204883,117963.33312553946
2024,5,East,Furniture,1637787.79,1627164.2656,202,99.35134915128413,0,2,208.3044,1527018.9413964483,1496062.3701267322
2024,5,North,Clothing,416327.32,412965.4102,327,99.19248398111372,3,1,65.91980000000001,379626.33118416654,371025.0072102783
2024,5,North,Electronics,3072605.9800000004,3041445.1330000004,252,98.98584956213618,1,2,610.9970000000002,2893936.339169622,2814429.8153932127
2024,5,North,Food,120497.92,119600.9932,360,99.25564955810026,2,2,17.5868,104524.634667619,102215.28410256011
2024,5,North,Furniture,3568389.17,3534583.2692,326,99.05262853378744,3,1,662.8608,3611334.2639224404,3521305.024429959
2024,5,South,Clothing,317935.53,315070.77839999995,309,99.09895204225838,2,2,56.1716,316369.37062904757,309144.24679568846
2024,5,South,Electronics,1396740.69,1383246.2022,149,99.03385876157157,0,2,264.5978,1392922.0171211907,1358620.148708062
2024,5,South,Food,110830.72,109960.2826,355,99.21462442903918,4,0,17.0674,111025.56675813491,108662.18334753101
2024,5,South,Furniture,2217332.16,2199326.2224000003,359,99.1879458601277,3,1,353.0576,1936720.186289763,1887489.457820399
2024,5,West,Clothing,421087.72,417707.4094,226,99.19724313024372,3,0,66.28059999999999,426054.6034966667,417553.44344060984
2024,5,West,Electronics,2323227.31,2293261.8724,184,98.71018055482484,1,2,587.5576,2418328.9250873006,2350580.331181517
2024,5,West,Food,158903.08,157551.937,330,99.14970622344136,2,2,26.493,156161.49499317457,152738.4520421724
2024,5,West,Furniture,1928716.56,1911611.2212,249,99.11312324709856,3,0,335.39880000000005,1893201.5807942066,1847205.8030811315
2024,6,East,Clothing,615277.5,611405.8452,393,99.37074656557408,4,0,75.9148,559020.7392457739,547756.7464920632
2024,6,East,Electronics,2583553.96,2561701.8778,215,99.15418518295628,2,0,428.4722,2435193.0070702787,2372014.5651923786
2024,6,East,Food,84958.59,84390.1338,202,99.33090203121309,1,1,11.146200000000002,80785.45351089282,79107.51094840773
2024,6,East,Furniture,1229143.21,1218342.991,160,99.12132134708696,1,1,211.769,1177358.5676553578,1148742.7304952757
2024,6,North,Clothing,449127.06,445219.2462,333,99.12990907294696,4,0,76.6238,508627.70376166655,497738.1442280774
2024,6,North,Electronics,946972.76,933390.5624,122,98.56572457268992,1,1,266.3176,1101677.0158861317,1067222.847083286
2024,6,North,Food,130368.4,129481.5406,275,99.31972824702918,3,0,17.389400000000002,127897.51590932552,125404.78595857856
2024,6,North,Furniture,1668185.71,1652422.0077999998,155,99.05503912990598,2,0,309.0922,1645321.294670656,1603825.347032288
2024,6,South,Clothing,454611.7,451217.0788,288,99.25329216120042,2,1,66.56119999999999,453843.69956211396,444086.60135446006
2024,6,South,Electronics,3989827.33,3950779.8838,341,99.02132491031888,4,0,765.6361999999999,4102067.691335595,3995870.404981587
2024,6,South,Food,88863.95000000001,88152.21440000001,186,99.19907273984558,2,0,13.9556,85516.6016328968,83556.15124720687
2024,6,South,Furniture,1503631.04,1486391.7446,192,98.85348899155474,3,0,338.0254,1706198.6955095434,1663303.7594380425
2024,6,West,Clothing,361080.13,358226.77180000005,369,99.20977147094747,3,1,55.9482,343008.94491999975,335278.26423758577
2024,6,West,Electronics,1449816.9,1433353.233,132,98.86443129473795,2,0,322.817,1663625.9488098214,1621840.863943195
2024,6,West,Food,56825.94,56348.682,163,99.1601405977622,1,1,9.358,55685.97023644841,54457.264232111724
2024,6,West,Furniture,1507608.78,1494105.306,155,99.10431179632693,2,0,264.774,1316063.9421230366,1283422.6697652014
2024,7,East,Clothing,269083.26,267310.6224,328,99.34123081458132,3,0,34.757600000000004,239932.86401351186,234790.12588894943
2024,7,East,Electronics,1773533.93,1756804.4816,170,99.05671675534282,2,0,328.0284,1960891.7982887293,1914808.480817961
2024,7,East,Food,78720.77,77985.31940000001,259,99.0657477054658,2,1,14.4206,81353.24262690476,79361.38094071188
2024,7,East,Furniture,529518.49,525260.653,198,99.19590399949963,2,0,83.48700000000001,641827.0610269043,628773.860632123
2024,7,North,Clothing,330665.99,328096.865,192,99.22304528506244,2,0,50.375,375329.780641786,367487.3142551982
2024,7,North,Electronics,1441903.67,1425524.2141999998,243,98.86403952352794,0,3,321.16580000000005,2344735.223297222,2294830.291245274
2024,7,North,Food,111251.44,110262.0502,231,99.1106723652296,2,1,19.3998,118838.88753603524,116303.08297674822
2024,7,North,Furniture,2902346.65,2873463.7486,293,99.0048431533842,3,1,566.3314,2899683.9899769644,2827249.690564534
2024,7,South,Clothing,784062.55,779735.7916,504,99.44816157843528,2,2,84.83840000000001,507578.9144233638,495326.9775028783
2024,7,South,Electronics,3228413.24,3200908.736,349,99.14804884147978,4,0,539.304,3087335.959041904,3013613.4832035033
2024,7,South,Food,73557.83,72976.7666,222,99.2100590786868,2,0,11.3934,79519.35578690474,77726.45546433303
2024,7,South,Furniture,1415513.48,1398572.2184,198,98.80317200511575,3,0,332.18160000000006,1568605.2193346813,1527723.3168897883
2024,7,West,Clothing,480184.62,476633.7348,385,99.26051667377436,4,0,69.6252,448455.8738163689,438736.91785226326
2024,7,West,Electronics,1299454.5,1283391.5604,147,98.76387056260916,1,1,314.9596,2095300.865711924,2048179.8184583928
2024,7,West,Food,109750.08,108861.0072,359,99.18991147888002,1,3,17.4328,104316.92508716793,101879.73823501344
2024,7,West,Furniture,1083418.09,1071842.9056000002,120,98.93160502793523,1,1,226.9644,1082145.6090416866,1055130.6377632648
2024,8,East,Clothing,341669.01,339343.257,172,99.31929647350807,0,2,45.603,355111.35385273804,348624.5176355356
2024,8,East,Electronics,3615572.23,3581751.733,364,99.0645879863946,3,1,663.1470000000002,3204615.124966053,3117509.4507667227
2024,8,East,Food,54833.100000000006,54329.2098,152,99.08104739655428,2,0,9.8802,59047.642879702355,57663.10901649531
2024,8,East,Furniture,900652.4199999999,891173.2234,140,98.94751888858524,2,0,185.8666,1106595.675063354,1080322.2381811885
2024,8,North,Clothing,214821.2,212988.8312,250,99.1470260849488,2,1,35.9288,229378.5452364682,224326.91041878096
2024,8,North,Electronics,1603431.14,1586288.3875999998,164,98.93087068272854,2,0,336.1324000000001,1766315.6382919445,1720118.6974384314
2024,8,North,Food,44966.01,44537.028600000005,130,99.04598740248468,2,0,8.4114,51827.60128746033,50726.66827127236
2024,8,North,Furniture,2523612.98,2497577.0108,236,98.96830578197454,3,0,510.5092,2467953.077426433,2402460.1811366626
2024,8,South,Clothing,463841.32,460222.7271999999,273,99.2198640690312,2,1,70.95280000000001,481029.1543356746,470536.1984652167
2024,8,South,Electronics,1560342.66,1539858.1836,152,98.68718090422524,0,2,401.6564,2014038.0383520836,1962534.1831485042
2024,8,South,Food,150009.53999999998,148878.85979999998,364,99.24626113779163,2,2,22.1702,149153.42347734654,146025.3956198516
2024,8,South,Furniture,2430593.39,2406908.3984,241,99.02554694267477,3,0,464.4116,2559493.7894217246,2496318.616720978
2024,8,West,Clothing,303536.93,300619.5158,286,99.0388602138132,4,0,57.2042,311872.03467755945,304572.50429082563
2024,8,West,Electronics,1513639.23,1495803.5712,214,98.82167041878267,2,1,349.71880000000004,1658294.9542140076,1613878.956038241
2024,8,West,Food,54807.98,54427.5506,190,99.3058868434852,1,1,7.4594,53884.76728152776,52821.982354968255
2024,8,West,Furniture,2277496.58,2251376.1548,292,98.85310803847618,2,2,512.1652,2395397.524797381,2330093.91194468
2024,9,East,Clothing,375430.27,372111.8428,242,99.11610025478234,2,1,65.0672,391256.90519718267,382531.94272458105
2024,9,East,Electronics,2028890.72,2012159.5988,204,99.17535621632692,1,1,328.06120000000004,2107632.943591946,2061210.7229332563
2024,9,East,Food,51551.44,51078.721000000005,150,99.08301494584826,1,1,9.269000000000002,57507.256730079345,56248.523366741705
2024,9,East,Furniture,2688680.11,2669976.0844,242,99.30434172773349,2,0,366.7456,2552479.7121005147,2491685.37089591
2024,9,North,Clothing,319989.05,317488.3262,341,99.21849707044665,0,4,49.0338,272287.35774376977,265844.2963486798
2024,9,North,Electronics,568292.3,561953.9180000001,159,98.88466164331278,0,2,124.282,713980.279446488,696221.6715130738
2024,9,North,Food,122789.36,121472.6318,194,98.92765285200608,2,1,25.8182,132019.30560435046,128889.47728018693
2024,9,North,Furniture,3099241.0300000003,3072281.5222,370,99.13012548752944,3,1,528.6178,3049705.402995833,2974697.4725472704
2024,9,South,Clothing,392781.02,389466.428,232,99.15612215681908,2,1,64.992,399614.12597579346,391066.0518624879
2024,9,South,Electronics,1427420.32,1409631.9994,139,98.75381341075486,1,1,348.7906,1997898.3221187112,1949180.3223672432
2024,9,South,Food,77353.7,76795.86200000001,203,99.278847682787,2,0,10.938,73491.42383507927,71869.58053754005
2024,9,South,Furniture,3371047.47,3344442.3917999994,312,99.210777111958,3,0,521.6682,3548946.9617465464,3464625.799951281
2024,9,West,Clothing,426543.17,422343.371,270,99.01538711779162,4,0,82.349,434116.3053204564,423870.6410995545
2024,9,West,Electronics,2640228.37,2612582.2084,348,98.95288748828948,3,1,542.0816000000001,2701216.956585059,2627887.6508963425
2024,9,West,Food,65234.64,64444.7418,174,98.78914300745738,2,1,15.488200000000004,75278.27283726195,73400.72157651551
2024,9,West,Furniture,741869.88,735129.72,163,99.0914633169903,1,1,132.16,858013.9109466072,836965.913686728
2024,10,East,Clothing,331473.96,328799.1426,278,99.19305353578906,2,1,52.4474,339602.8296867858,332066.28050895606
2024,10,East,Electronics,2683784.68,2662002.4066000003,187,99.18837477677232,1,1,427.1034,2345734.767572558,2289677.755993452
2024,10,East,Food,63910.54,63333.679,164,99.09739301216982,1,1,11.311,70820.71689160712,69273.38787694657
2024,10,East,Furniture,1447357.87,1431933.889,226,98.93433536240764,3,0,302.431,1669168.304217063,1628120.8784136921
2024,10,North,Clothing,167195.74,165577.0102,162,99.03183550011502,1,1,31.7398,184391.4442280953,180016.56008508796
2024,10,North,Electronics,1850448.46,1824885.3526,127,98.61854529036708,2,0,501.2374,2336981.5913833138,2268035.8105986873
2024,10,North,Food,71543.17,70900.3048,153,99.10143036714756,2,0,12.6052,71287.72130392859,69671.32446253409
2024,10,North,Furniture,1932998.62,1917493.4164,191,99.19786783914,1,1,304.0236,1797962.958424166,1755961.5500633416
2024,10,South,Clothing,405370.53,401834.9856000001,299,99.127824018189,3,1,69.3244,402872.0368478968,394159.52563677425
2024,10,South,Electronics,2571242.07,2549621.385,388,99.15913459676707,4,0,423.935,2314423.2393304366,2256646.879030796
2024,10,South,Food,111570.88,110588.263,227,99.11928901161303,2,1,19.267,119826.5388132125,117295.28584112324
2024,10,South,Furniture,1974551.35,1957176.2212000005,253,99.12004674884751,3,0,340.68880000000007,1852906.9416466665,1807432.7769030053
2024,10,West,Clothing,298869.0,295029.9138,240,98.7154618913303,4,0,75.2762,361648.4011968451,352432.7412107127
2024,10,West,Electronics,1152949.37,1136847.6602,152,98.60343305448008,2,0,315.7198,1479235.5555748804,1435814.2931658798
2024,10,West,Food,89078.95,88294.6516,217,99.11954687386864,3,0,15.3784,85611.60431087301,83721.43942644527
2024,10,West,Furniture,2092473.48,2070274.2306,136,98.9390905255344,2,0,435.2794,2132264.1813952983,2078328.4844379048
2024,11,East,Clothing,289239.45,287762.1636,257,99.48925141435583,2,0,28.9664,254165.7833963493,249291.6338689478
2024,11,East,Electronics,5257088.91,5223675.75,363,99.36441706480478,1,2,655.16,3913129.436650416,3811141.453767418
2024,11,East,Food,155255.71,154220.7976,342,99.33341427506916,3,0,20.2924,141542.97861186517,138453.1504658775
2024,11,East,Furniture,2194448.06,2174234.1284,240,99.0788603308296,2,1,396.3516,2055334.829723235,2004606.6223560052
2024,11,North,Clothing,549579.84,546128.1498,411,99.37194017160456,3,1,67.6802,471382.2758799003,461686.8119509191
2024,11,North,Electronics,6826091.02,6773909.656,421,99.23556009072963,2,2,1023.164,5737679.492070598,5587001.149717546
2024,11,North,Food,54789.16,54230.13880000001,157,98.97968649272958,2,0,10.961200000000002,64224.84041503964,62698.62249398429
2024,11,North,Furniture,1115636.5699999998,1100881.1072,128,98.67739520227452,1,1,289.3228,1143631.9676324814,1108823.5257672549
2024,11,South,Clothing,602989.87,599145.1738,468,99.36239456228344,2,2,75.38620000000002,558190.7125725598,545972.1058641587
2024,11,South,Electronics,4072860.81,4042901.778,411,99.26442288608432,4,0,587.432,4032750.79902428,3944079.912945308
2024,11,South,Food,88595.76999999999,87958.05579999999,195,99.28019791464084,1,1,12.5042,87508.5234037301,85670.57204306792
2024,11,South,Furniture,2402267.9,2379046.3964,231,99.03335079322336,3,0,455.3236,2252131.4051200803,2195486.690871291
2024,11,West,Clothing,614608.33,610770.7737999998,414,99.37560947148242,4,0,75.24620000000002,588901.3745805953,577777.0700941822
2024,11,West,Electronics,4117326.51,4082839.902,389,99.16240288652746,1,3,676.2080000000001,4157236.9120890284,4055167.574252361
2024,11,West,Food,140067.81,138828.7752,229,99.11540360344036,2,1,24.2948,137813.98486516209,134738.3017894575
2024,11,West,Furniture,2383848.37,2353641.3964,240,98.73284836484795,3,1,592.2936,2635625.253465833,2563959.3273810805
2024,12,East,Clothing,361792.85,359688.2942,235,99.41829812280704,0,2,41.2658,349009.3074724206,341977.0052753494
2024,12,East,Electronics,2560103.45,2545550.243,307,99.43153832318768,1,1,285.357,2355484.5766407126,2304804.200434977
2024,12,East,Food,79981.73,79386.25399999999,195,99.25548497138033,2,0,11.676,85873.8934883333,84095.21818641058
2024,12,East,Furniture,1298969.66,1284100.9976,134,98.85534952371404,2,0,291.54240000000004,1316870.6505799785,1281333.6580070546
2024,12,North,Clothing,457372.73,454555.20439999993,334,99.38397604072284,1,2,55.2456,466878.65737203474,457807.3476208209
2024,12,North,Electronics,4217824.96,4194184.8076,407,99.43951793580358,1,2,463.5324,3816305.430054104,3735029.8152624043
2024,12,North,Food,65116.77,64650.987,213,99.28469578573998,2,0,9.133,62316.365315813535,60917.20527541362
2024,12,North,Furniture,2819120.03,2787453.3548,259,98.87671773947136,3,1,620.9152,2982148.4240928576,2900498.2881531343
2024,12,South,Clothing,745859.46,741952.9008,516,99.47623387387216,4,0,76.5992,634542.5417461303,621605.5057204693
2024,12,South,Electronics,5018514.83,4988337.548599999,561,99.39868103568,2,2,591.7114,4556625.75610833,4452000.790800863
2024,12,South,Food,101208.16,100504.5436,214,99.30478293449856,1,1,13.796400000000002,92891.3757056349,90792.20930229404
2024,12,South,Furniture,4087413.37,4043535.01,293,98.92650055112972,4,0,860.36,4267393.399148453,4154639.2275674124
2024,12,West,Clothing,357156.0,354742.5678,325,99.3242638510903,2,1,47.3222,366741.45500898804,358877.1596259128
2024,12,West,Electronics,4790713.92,4757683.5354,492,99.31053314492216,3,1,647.6546000000001,4650391.798031606,4543805.104258627
2024,12,West,Food,60709.04,60221.7656,193,99.19736105199487,2,0,9.5544,56540.69352702383,55151.42244686753
2024,12,West,Furniture,2989962.2,2958232.2950000004,261,98.93878574785997,2,2,622.155,2861351.493678749,2789604.1879173936
